TSNE1,TSNE2,KMeans_Cluster
21.93808,15.144028,1
-42.943348,28.0499,0
31.161236,-15.074162,1
-32.907738,-16.993488,0
-2.859859,-6.38406,0
14.155621,-4.944848,1
-6.659241,12.3686285,1
-33.755733,0.33499086,0
-38.58863,-29.429203,0
-28.818554,15.875449,0
-29.495573,-30.519764,0
-1.0876243,-45.426918,0
41.941746,-25.87506,1
-8.834031,31.519915,0
-1.421161,-46.951275,0
50.6137,6.28087,1
-27.368591,41.249416,0
10.175793,-32.99508,0
21.471659,29.706707,1
-23.634943,-4.4818635,0
7.641361,-40.84072,0
7.112762,-12.145361,0
27.06159,31.516497,1
13.950238,-7.348631,1
-1.6951435,10.535923,0
-0.8247092,-39.677128,0
-19.38486,34.688107,0
-0.0762797,15.351983,1
-14.461807,-18.718508,0
59.829536,-1.1281966,1
-12.5450115,-44.907654,0
3.4158657,-31.150333,1
-45.966763,-24.205189,0
-21.410156,38.312057,0
39.335762,-12.472945,1
-50.62388,27.590317,0
10.3611,-1.9460479,1
-24.606087,-10.843856,0
-18.70244,-18.285763,0
37.416912,6.4123573,1
26.904121,-5.077683,1
-27.775276,-4.3276215,0
-39.228523,-37.677433,0
0.9577771,-30.33811,0
-30.803244,-15.874906,0
46.25151,-29.824928,1
-41.371872,-2.713081,0
-25.795021,-44.38556,0
-50.215435,41.820908,0
-4.2994294,46.197353,1
4.220408,-17.10504,1
47.19137,-15.014002,1
-30.850233,-4.9626164,0
62.14135,14.815226,1
-1.6962178,38.44375,0
53.953194,-2.1353638,1
47.833466,-17.119518,1
-18.276428,-31.445183,0
-28.51936,-8.023681,0
-6.455728,0.7042451,1
57.95892,13.701078,1
-0.29730958,37.28043,1
12.450032,11.18216,1
14.750816,-10.931021,1
36.84265,-22.490713,1
-28.496635,-38.91167,0
-45.151993,22.762789,0
30.228554,18.045473,1
13.211029,-11.135512,1
-2.2689621,42.219494,0
40.5554,-14.479898,1
-36.256714,-2.149674,0
13.161416,18.91616,1
-8.0069475,35.57345,1
-0.3533141,-32.06137,0
-30.369545,-39.5009,0
41.935272,-10.198327,1
52.82654,11.154467,1
-11.09634,-38.585213,0
14.289651,-36.069508,1
-25.47278,2.0885694,0
-32.258026,-29.541943,0
-24.75277,-10.0764,0
3.4158776,-31.150173,1
51.17978,-31.865574,1
-45.165146,37.535583,0
-20.455822,49.846012,0
11.51939,30.838545,0
64.672745,3.4678714,1
-5.8093696,-20.309025,0
-6.5728087,45.518734,0
-48.23068,27.126528,0
44.316128,-29.696154,1
-22.973644,-33.82604,0
-23.088356,-13.860333,0
-23.480164,-27.774183,0
5.073823,25.224451,1
-31.823355,33.76464,0
57.59446,1.2233398,1
10.934592,-43.111332,1
-16.072178,-6.3454833,0
-30.09567,-20.635763,0
18.401012,9.524265,1
37.86357,-22.521105,1
35.273968,-28.071947,1
-21.084812,-39.632645,0
-20.524237,33.930515,0
1.2202635,33.84471,1
-34.638996,-4.025626,0
40.95224,-15.979748,1
17.33167,-1.7313035,1
47.464214,16.636608,1
11.948455,29.86279,1
55.635643,19.04815,1
-7.3709083,12.783483,0
-36.971504,28.636602,0
64.864845,12.378588,1
-13.843597,14.73978,0
-42.158844,37.848377,0
-30.26987,-17.640747,0
8.079998,4.8153725,1
-37.448944,-15.981791,0
-48.017014,36.173832,0
-28.106272,-41.478405,0
54.637413,19.137394,1
43.32815,-24.952456,1
52.55161,-22.779669,1
-39.45221,30.469618,0
-0.7515906,4.463767,0
-6.4221854,30.91876,1
2.79489,1.5795364,1
-8.291788,39.29271,0
31.030596,-15.124754,1
21.104687,1.0812117,1
-15.618042,39.11836,0
52.62441,9.276532,1
-39.43068,-7.459255,0
-31.979757,46.254265,0
-43.112953,17.28473,0
-44.474068,36.144337,0
51.625126,-17.42689,1
22.198103,-11.013508,1
42.7506,-19.814358,1
17.024555,8.519385,1
-19.320177,0.40347487,0
-13.322344,31.708605,0
-34.474182,-41.48689,0
-30.360998,-35.75501,0
-20.48367,45.62075,0
-0.4755218,-30.916815,0
-12.351867,2.9674082,1
9.448697,29.79776,1
-8.772996,12.456496,0
-36.095715,-18.156971,0
13.3002,8.425853,1
46.887783,10.328491,1
-2.4875636,4.8437824,0
-57.341892,31.012524,0
-10.185077,-26.872725,0
41.806644,-23.687159,1
-57.548214,37.030716,0
36.371063,-9.424314,1
-25.883871,-10.991397,0
48.421295,-18.184929,1
15.238257,-20.826258,1
-50.333447,40.60127,0
46.052406,6.1513724,1
6.553422,-34.34138,1
50.97217,-24.940504,1
-40.22244,36.96897,0
-42.593052,33.1218,0
-27.806404,-6.3871765,0
-32.252373,20.40451,0
-39.104786,28.423191,0
-10.45003,-18.74319,0
19.636475,11.214236,1
54.308655,5.0041175,1
-44.63894,34.10837,0
-56.489075,32.775543,0
57.59412,1.2230595,1
-5.3567705,-9.832203,0
-24.831661,-14.912501,0
32.86164,-19.405159,1
-29.089619,-27.670244,0
-2.9121408,-34.17706,0
-35.133327,-34.658894,0
-28.861168,-19.389517,0
1.5152091,3.817322,1
49.05716,-18.291307,1
-30.871061,34.482086,0
-45.78807,-25.324709,0
51.966084,-12.835558,1
-26.402393,-6.050191,0
-17.182634,34.96974,0
-36.45403,23.078365,0
48.822643,-28.878952,1
61.77146,2.4893534,1
41.04929,-15.767021,1
-18.872473,48.65298,0
11.19034,29.38445,1
45.291656,-26.955246,1
17.409443,10.708048,1
54.09059,18.858187,1
-44.460842,36.92522,0
-4.3180866,-51.239952,0
-23.668816,-47.076294,0
-17.849394,40.35078,0
-15.904125,-21.296919,0
19.68597,22.805607,1
2.6749885,-0.6342933,0
33.78905,-24.485752,1
-19.813765,43.55473,0
-9.578184,45.16001,0
52.732876,-24.752262,1
-15.862213,14.7460985,0
-58.509575,38.590977,0
55.017807,4.0413513,1
-11.516966,-4.0482025,0
18.887232,10.752085,1
-12.341154,-23.893717,0
44.646557,-26.836567,1
12.802725,-8.949427,1
-20.525305,3.1715107,0
14.178753,15.520963,1
-20.74568,2.9380698,0
-11.999849,7.3932104,1
4.517977,17.923582,1
54.98406,-14.800848,1
-22.855276,-35.570934,0
-10.719881,45.070023,0
24.326475,27.009497,1
-30.625973,-37.932495,0
-8.146969,-38.795998,0
15.212537,5.991608,1
-29.365534,-17.421598,0
-27.527851,-32.456356,0
13.535645,-11.66952,1
-26.100105,-13.267291,0
60.50463,-1.0678853,1
25.96338,0.9330511,1
-27.01224,-44.676685,0
58.594124,14.250239,1
14.303096,17.11245,1
-42.115437,24.163446,0
34.402077,27.069878,1
25.918377,3.8998477,1
57.910877,-17.66446,1
18.68904,15.76524,1
-29.559534,-9.711133,0
-26.974852,-19.440382,0
55.307068,17.262718,1
2.140748,-38.648735,0
2.5539353,34.48118,1
-38.098473,-7.406273,0
22.146961,26.550125,1
-0.23752436,-4.3155713,0
-39.222717,41.71387,0
-57.100143,37.557003,0
-47.413666,-26.314669,0
0.25083035,32.39652,1
-7.4479733,-6.9762526,0
-35.97026,-33.599037,0
-21.339968,37.4025,0
-26.311998,36.166203,0
62.734184,5.602679,1
-21.481733,49.061157,0
31.363464,-26.447962,1
-37.918148,-14.282012,0
40.543713,-11.725224,1
-34.739445,-18.033377,0
0.8173895,-12.253941,0
-38.739914,34.459072,0
-29.635769,37.524944,0
15.147104,2.7635558,1
33.934067,-10.484409,1
31.772081,-30.727434,1
56.122414,13.44748,1
20.338152,8.17689,1
-31.454428,-3.3294065,0
-12.000219,7.393029,1
10.175793,-32.99508,0
-1.9942051,-11.245646,1
-39.250023,25.418283,0
-19.84374,-22.188747,0
32.21713,-18.421856,1
-4.87029,43.603603,1
34.211002,-27.465338,1
12.295138,-34.49008,0
-3.4098163,-49.928482,0
-21.804604,-10.464152,0
54.13881,11.293776,1
-35.756413,36.730015,0
-56.499336,24.742477,0
28.413183,31.105028,1
-33.3215,-31.283806,0
-34.803833,1.7737406,0
54.854523,-22.767803,1
25.253834,19.46706,1
-38.061832,34.18851,0
20.695156,7.0377584,1
-14.264327,-23.14701,0
-15.236494,0.82058597,0
-25.755894,-12.493447,0
52.12662,4.091339,1
1.72224,-42.588024,0
60.12648,0.99880844,1
-0.21730524,19.402712,1
9.876565,-44.800068,0
-24.826443,-13.076479,0
-55.847996,39.61351,0
53.61635,21.677883,1
49.4254,-16.414513,1
-23.402445,31.08593,0
-42.15077,35.11201,0
-33.831875,32.486435,0
2.4795089,-4.5463624,1
-44.069897,26.563349,0
-0.640027,44.787594,0
8.082685,-3.959962,1
-28.043383,-40.43582,0
-45.865337,23.49323,0
17.964996,17.190144,1
0.0763971,11.164739,1
39.032047,-21.834888,1
-32.246002,-9.765633,0
-29.573654,-29.098076,0
-55.411766,34.232185,0
-20.65013,2.045041,0
-30.031797,-43.269524,0
-10.150101,-49.114822,0
25.597149,3.6410372,1
-45.30963,-23.090296,0
-30.810953,-8.480235,0
19.955942,-1.1188467,1
47.231815,11.1306305,1
-36.64215,-31.831993,0
51.445156,10.946333,1
55.332882,-16.772778,1
-8.185123,-47.562588,0
28.761545,30.00863,1
10.418099,-16.650635,1
-46.45829,-21.186943,0
38.672924,-29.690107,1
-44.113476,36.81433,0
32.44089,-29.409292,1
-30.66358,37.614567,0
-23.002283,-46.887173,0
16.059235,3.500837,1
32.92228,30.19995,1
36.271435,-33.43231,1
50.73253,-19.678461,1
17.822548,17.746836,1
-36.75824,26.439493,0
-14.126603,-14.459804,0
50.52834,-19.878996,1
38.55627,-23.776905,1
-12.652946,3.5268114,0
52.924854,-0.5757512,1
14.278713,-2.848464,1
-38.14917,36.524796,0
-35.970318,-33.599003,0
-12.216688,41.960175,0
12.315905,5.2023907,1
42.699383,-19.382929,1
-28.064934,-5.7875924,0
44.545288,-16.421125,1
5.204639,15.98506,1
-21.526257,-34.000626,0
-19.369133,43.1428,0
-47.88825,-20.785498,0
27.453335,29.252432,1
-28.71191,35.1735,0
-23.251762,44.393948,0
-2.449962,-49.61555,0
-34.033802,-31.442293,0
22.74564,-10.6249695,1
-27.3112,-41.291878,0
-54.236954,25.322685,0
-20.67786,-42.972748,0
10.36708,-32.845802,0
-20.483574,45.620857,0
-16.769266,-32.58905,0
-35.580692,-11.809041,0
0.77093905,24.098986,1
10.3505535,2.1835818,1
-12.258899,-12.100344,0
0.7133695,37.15727,1
65.251396,12.128048,1
1.1295512,-12.096074,0
48.82611,-25.711248,1
3.285585,-36.285107,0
14.690731,0.03525124,1
52.4488,-26.638563,1
-23.88825,36.38595,0
-40.30092,-8.110959,0
-31.313051,-42.478897,0
-26.242607,0.15662488,0
-37.04334,41.480553,0
38.687355,-8.851454,1
-37.666313,39.293484,0
9.12431,-35.38175,0
-15.412061,50.220203,0
-47.809624,29.025705,0
-37.711872,-4.266111,0
-20.1787,32.663506,0
-38.58863,-29.429203,0
-12.824452,33.333237,0
-28.74659,-3.1649299,0
3.6982768,-3.791913,1
21.640476,22.034153,1
-13.81832,9.217016,0
24.617817,0.2627376,1
36.692726,-25.370842,1
-43.878677,-18.49759,0
59.960175,17.551683,1
54.104984,16.580107,1
-8.0870075,44.418976,0
-33.114815,-19.066553,0
-23.479961,-27.774292,0
-23.658726,-35.823666,0
57.40926,13.193508,1
56.19928,4.6340137,1
-57.436718,37.41248,0
58.767357,18.262188,1
31.122356,23.549149,1
-27.423998,-20.688469,0
9.912837,-5.7691965,1
61.03083,10.913423,1
-12.329399,13.93895,0
-6.0641594,42.79233,1
17.486532,-10.243416,1
-30.259493,-19.444574,0
-12.445908,-34.222095,0
13.32054,-5.4613495,1
1.596606,7.5012565,1
-22.62193,-8.976378,0
-27.38018,-4.012947,0
-31.182375,-40.82735,0
-4.021866,-16.741531,0
-9.302271,-39.49767,0
-34.033833,-31.442076,0
-3.9648561,-35.851215,0
-4.329619,-40.860207,0
-9.626688,0.6718501,0
62.074623,3.0279324,1
-36.366444,-9.417019,0
9.189975,-16.308218,1
8.991705,2.4653563,1
16.530388,19.92801,1
-20.288828,-28.01021,0
-22.581238,23.830208,1
15.055134,19.881975,1
-20.130825,45.648457,0
51.400265,7.5698166,1
-27.511528,7.10696,0
0.038609125,-18.43686,0
56.954792,-17.024454,1
3.5413227,21.090849,1
35.70983,-20.55554,1
-13.007836,-3.7675033,0
62.734184,5.602679,1
-17.21533,-11.606428,0
44.68841,-28.870832,1
58.27668,7.4846582,1
-36.78232,-32.876133,0
-7.5175576,30.72607,1
10.580346,12.416209,1
15.117461,11.953224,1
-29.77253,-31.084625,0
15.503427,25.31613,1
-44.758274,40.081776,0
-20.371998,-33.569454,0
12.584054,10.224807,1
-44.93778,29.667465,0
3.8588147,4.781983,1
6.558532,8.223845,1
-11.868846,12.579454,0
-18.543507,-22.43987,0
-25.90857,-36.11445,0
-1.6227833,23.99946,0
-4.435608,-4.4505515,0
40.396034,-19.278732,1
47.376488,-14.63332,1
22.198164,-11.013224,1
17.433033,5.006693,1
-26.005764,-30.525375,0
3.0384765,-39.12901,0
25.401014,-10.957232,1
-12.75299,7.5470095,0
53.606216,1.0977354,1
6.5003495,17.779339,0
35.464226,4.3544374,1
10.482378,5.2757235,1
-17.580072,-29.018806,0
27.727936,3.756424,1
18.557436,-7.631664,1
32.08217,-19.39279,1
-34.27094,43.288353,0
-12.944068,-32.086857,0
2.0839581,-46.442467,0
5.4666896,14.777781,1
-12.445916,-34.22208,0
35.833298,-9.640031,1
17.588604,-0.5187074,1
52.099834,-28.015373,1
-3.3134527,-45.8913,0
7.1422057,2.9477134,1
-27.6735,6.928829,0
10.526992,-6.2625127,1
-7.330087,34.027397,0
62.22218,1.7176558,1
-2.0826385,8.967906,0
49.589394,-17.232872,1
-25.089344,36.773247,0
-29.868376,-42.1715,0
33.28364,-25.879045,1
60.88701,8.485234,1
-42.36452,34.139854,0
68.01346,2.7848458,1
10.2401705,-43.688683,1
53.20844,1.2001629,1
-33.3998,-4.9125347,0
-31.473625,-42.879765,0
33.70592,-24.154568,1
28.212654,-32.47942,1
40.874237,-11.12586,1
-17.392784,38.88434,0
0.20521092,-5.224044,1
24.147863,-16.578392,1
-9.98498,35.97473,0
-24.796152,23.692337,0
-29.740904,-7.7265897,0
-1.9423548,8.520153,0
-11.31049,-29.286373,0
44.958355,8.977202,1
-0.6860231,-18.750978,0
-26.639101,-11.892491,0
-28.560291,-11.968171,0
-18.277277,-3.5788486,0
-3.0532546,-1.0502318,0
53.491707,14.391524,1
4.5794206,-7.0161304,1
-22.598894,-18.756992,0
41.887238,-29.009285,1
-18.905937,-24.592667,0
-30.680445,25.35449,0
-41.27268,23.808886,0
-44.322643,30.867594,0
-42.523018,-18.950941,0
18.714664,3.8685205,1
0.9867095,-40.624992,0
33.459106,-21.438835,1
-23.091572,40.203278,0
13.25718,5.013183,1
54.739094,12.677682,1
-7.782914,-42.715862,0
36.845695,24.714031,1
-20.537544,-27.856567,0
54.376087,-28.272234,1
12.211817,-5.318734,1
11.6946125,-2.901786,1
4.1828275,-11.80073,0
-1.9858011,-17.433754,0
6.7738338,18.62793,1
-52.037567,29.022552,0
-27.891335,-34.87983,0
-54.434177,25.045809,0
-8.829998,11.0497265,0
-42.81219,33.217392,0
-18.452084,2.1681068,0
-0.1820492,-13.639311,0
-29.533573,-9.551942,0
33.216324,26.71624,1
-20.519386,33.038544,0
-29.589016,39.412132,0
-37.739273,27.90854,0
-19.308725,40.55189,0
-21.483776,49.18267,0
-1.6952418,10.535868,0
-49.62583,27.929335,0
0.03870032,-41.05622,0
-23.676971,-17.75629,0
-39.32566,23.890713,0
55.595406,6.1611495,1
10.346754,-15.44074,1
11.753059,30.125599,1
-1.6344545,-33.01091,0
-33.135357,-4.6079206,0
52.959755,12.424525,1
44.317173,-28.276491,1
-18.366936,-29.962618,0
28.950998,-29.876637,1
-36.746407,-13.707897,0
-34.81836,-42.220245,0
-37.267773,22.551674,0
-34.74794,-11.632723,0
-30.781672,-2.0954237,0
-35.41258,-37.519142,0
10.585864,6.510464,1
41.9305,-24.313766,1
-7.1297297,29.303736,1
-22.530148,43.23204,0
-18.999424,4.37498,0
-18.70251,-18.285858,0
-53.987816,36.17702,0
-38.16652,-7.2250576,0
65.3809,3.4086542,1
0.7182532,-38.468647,0
3.2322578,-34.80921,1
-34.382767,-36.11266,0
-55.847816,39.614067,0
32.956333,-8.260734,1
-14.006704,40.16178,0
-51.730476,37.887646,0
-6.6039047,-26.514696,0
-55.65681,26.893393,0
2.7263582,-1.3891994,0
-0.65645176,4.466275,0
-0.93217736,-38.61196,0
61.66637,3.8762586,1
-23.964476,-33.042732,0
52.548214,3.6791208,1
-27.215046,-5.040472,0
23.082775,1.7330655,1
15.843787,16.829826,1
-25.678118,43.19035,0
-22.62738,4.339487,0
22.772993,10.759395,1
35.43985,-29.890812,1
11.694547,-2.9016855,1
-4.7863374,-43.13278,0
48.078915,-18.501862,1
-57.762238,37.949818,0
34.82201,-14.093626,1
11.2631645,-12.058666,1
16.87308,15.99971,1
36.257195,20.686382,1
10.3505535,2.1835818,1
37.911304,-26.632734,1
18.590548,16.851166,1
0.77101487,23.15057,1
58.728443,4.648236,1
-17.723133,40.64786,0
53.853043,18.708418,1
1.1264426,-13.647401,0
13.839141,-1.5987033,1
1.07702,4.0952964,1
65.10989,10.489933,1
-40.29709,-7.4193425,0
13.9977255,14.229184,1
-5.1485457,-22.571774,0
-5.084629,7.7022977,0
-6.074717,-29.688082,0
-7.746162,-13.860521,0
2.1407263,-38.6487,0
18.223196,-11.085841,1
-21.508162,51.452045,0
8.919196,9.829348,1
-20.67786,-42.972748,0
16.992336,0.8114953,1
-0.56886894,-46.436867,0
-3.1898687,-40.397583,0
-1.5735697,-40.833942,0
-29.548948,-34.187183,0
-32.46374,-15.141609,0
-33.170147,-36.6587,0
-23.80023,25.188496,0
15.5834,5.8185287,1
-7.125619,31.150454,0
4.0591917,-3.6388779,1
16.009901,-3.1386492,1
5.2047787,15.98505,1
-44.54172,22.35727,0
22.85143,26.35914,1
47.111786,-30.206839,1
-20.155556,6.281346,0
51.337845,-33.290802,1
23.645102,5.441154,1
35.101055,-5.871506,1
9.188416,-40.984253,1
-6.6683965,-13.489263,0
43.55923,-29.132631,1
13.206326,3.5233562,1
53.98291,-14.319036,1
15.25048,-20.826464,1
59.930576,13.953143,1
31.797478,-27.35312,1
6.2077374,25.678118,1
42.753757,-26.850515,1
-5.8608823,-16.644072,0
-7.524362,-40.122814,0
-33.322384,29.632408,0
-25.53873,22.894506,0
-13.85855,-47.515194,0
-30.648077,40.735832,0
31.467476,-10.720481,1
43.457413,10.715254,1
21.654524,3.5572827,1
-2.1983092,30.413855,1
27.232658,26.382162,1
59.85985,15.896918,1
-14.237944,-1.6422247,0
32.922478,30.200024,1
-16.069052,-30.313137,0
7.4354224,11.5792465,1
33.839737,21.711582,1
-45.30963,-23.090296,0
-31.551449,-32.756153,0
12.375696,9.6486225,1
-35.035984,-5.5874805,0
33.266754,-10.803789,1
-8.364548,-4.1471715,0
56.311996,-22.713915,1
50.624844,9.044191,1
-31.200455,-6.5380282,0
12.009065,15.062732,1
-46.076733,23.638033,0
24.790892,-4.628068,1
34.669033,3.4528513,1
-26.831411,-20.308258,0
39.377926,-20.524513,1
-39.8689,-0.59905183,0
-15.904125,-21.296919,0
57.206036,0.7449468,1
49.951733,-31.597668,1
-14.40769,47.028698,0
49.196613,15.155781,1
-49.347103,23.780157,0
-10.355192,42.20366,0
-1.6961424,38.4438,0
-15.771499,47.203186,0
35.691383,28.168804,1
62.364826,8.734912,1
24.006172,3.1848078,1
3.019875,-17.197983,1
-32.74719,-33.271717,0
25.127258,-3.165873,1
21.399038,-3.450023,1
-27.593405,38.066956,0
-50.25857,41.82698,0
-26.68635,-8.0343685,0
65.90551,4.1260786,1
55.3154,-0.9549771,1
-30.325333,-16.197294,0
51.429356,-31.162062,1
-46.60207,-21.048471,0
43.554974,10.583479,1
40.055523,-28.121767,1
9.391985,-15.974913,1
16.992603,0.8123715,1
49.371098,20.723661,1
46.84391,-9.461836,1
49.31553,-14.078613,1
18.27867,15.855673,1
4.542223,19.20011,1
-14.726181,-18.335012,0
-9.274597,-17.052538,0
-34.347305,-15.441697,0
-2.6023526,30.182735,1
48.490025,-21.362906,1
-44.668568,-22.274544,0
39.976753,-30.966772,1
-8.292186,-12.551343,0
51.335125,-20.427279,1
40.34894,-6.1930637,1
-7.961979,-19.419312,0
-0.8822781,6.616347,1
9.124018,-6.408662,1
36.993114,-22.764156,1
-8.60761,44.485672,0
-29.76602,36.11489,0
-41.367054,-31.361633,0
-52.92017,30.327307,0
-19.918745,-9.183448,0
40.70295,-30.458529,1
-44.058002,30.176865,0
26.929588,-6.4529896,1
46.269253,-28.570444,1
-41.227974,24.744295,0
-24.401386,-30.138704,0
-26.626266,-28.958113,0
-32.729424,-36.377876,0
-40.11648,-5.126966,0
-40.690506,40.74651,0
4.5655475,24.228392,1
12.642832,31.908627,0
-10.384809,14.256443,0
39.35377,-22.848785,1
52.636753,5.5124693,1
-4.7023215,-42.910034,0
-23.194975,29.84191,0
-5.879321,-17.138042,0
7.8770423,-34.95149,1
23.833942,7.735006,1
14.917934,19.170029,1
49.636833,-15.961569,1
-28.269527,-12.560146,0
0.39548242,-6.6799073,1
-53.225517,31.177086,0
-32.584263,42.817543,0
32.595566,-20.554699,1
28.987278,31.955769,1
-13.166178,38.99228,0
-9.821629,-23.500502,0
4.9487886,-11.33321,1
-1.050628,44.65915,0
26.813246,-6.673995,1
-7.04739,-47.85962,0
-36.503834,-9.139433,0
31.455395,-29.323278,1
8.720229,3.0573897,1
53.37318,-28.572172,1
10.213162,-9.343042,1
-47.927666,33.274525,0
12.8291235,-34.91306,1
19.50667,5.9425426,1
-31.380651,-10.326312,0
53.949127,13.74695,1
-31.396095,-10.520529,0
44.19578,8.342535,1
0.9868909,-40.62447,0
36.845695,24.714031,1
21.677404,9.555101,1
36.815388,29.232996,1
-52.02163,37.8107,0
26.945389,4.283923,1
-27.739597,-30.709656,0
-49.390762,30.581356,0
58.356255,-14.686162,1
-2.0325415,32.823193,1
-33.918415,-15.018945,0
-44.91901,39.111847,0
8.697044,1.7288855,1
-5.0556903,-0.24221882,0
52.60972,-13.372267,1
-27.381575,-35.080357,0
27.0005,21.891256,1
-34.090687,29.470942,0
-1.7147912,-3.743018,0
-36.095737,-18.15646,0
-28.468554,0.5000106,0
32.409554,-26.31015,1
61.371426,15.114038,1
53.07186,-20.493034,1
12.0800495,8.822068,1
-6.5014863,-12.917347,0
-40.13406,42.537056,0
-3.4003408,-0.35781002,0
13.950238,-7.348631,1
51.307003,6.8996377,1
-43.73084,16.964663,0
12.077429,31.436684,1
11.553277,19.794308,1
-27.110239,-28.07005,0
0.7985326,34.295067,1
-33.364616,39.30861,0
53.299843,16.235466,1
-21.323023,-13.77358,0
-15.294186,38.10154,0
-8.511384,-53.03136,0
-15.893361,11.37059,0
-6.835907,-1.9744967,0
2.9242496,-5.9309554,1
-0.90985626,1.1973126,0
-48.83107,35.27045,0
3.8301158,-6.409044,1
-30.018915,-4.443772,0
57.390278,15.791966,1
35.585087,20.02119,1
-27.927729,-13.822402,0
-26.460754,30.954966,0
17.479687,-1.994228,1
59.92978,3.107654,1
-13.821969,42.353294,0
-34.37161,-0.29927725,0
32.447765,-21.687263,1
-25.753708,1.2772323,0
-43.578182,-17.90158,0
-36.798897,-4.0662093,0
-56.963993,28.667616,0
-45.625507,33.847942,0
53.98291,-14.319036,1
45.26877,-17.850477,1
-16.129787,47.054924,0
-37.744514,29.607746,0
-9.213086,41.75874,0
47.25905,-21.082886,1
-28.857332,5.9023247,0
-16.717129,42.83019,0
50.70057,-29.110928,1
-22.478256,-35.221222,0
37.418888,6.4122963,1
20.97494,13.433212,1
21.477095,-8.135702,1
26.099754,6.352235,1
-4.076818,-3.0364854,0
-29.704483,-12.180873,0
41.53058,-22.450962,1
-6.645196,-3.8932002,0
42.836483,-26.065577,1
28.735714,-29.18355,1
-17.289875,32.69065,0
46.2511,-28.922623,1
65.90364,11.650461,1
-25.47881,-32.550255,0
-15.693207,-23.051487,0
-8.856819,-47.999504,0
44.154556,-21.781424,1
51.552498,-23.838701,1
13.701436,17.88922,1
-16.825434,-2.0744324,0
51.37326,14.440406,1
39.997147,-24.156199,1
41.772934,-26.532595,1
53.491707,14.391524,1
1.0104486,-17.45617,0
54.80341,1.9918299,1
-45.91579,18.247038,0
54.00208,-24.259426,1
-35.12317,-41.783825,0
-42.259293,30.138838,0
28.40395,18.479229,1
7.315498,-39.328842,0
66.27292,2.0388746,1
58.25917,11.359157,1
48.82611,-25.711248,1
27.174679,-6.004225,1
48.006756,-24.186426,1
-12.361954,-23.985926,0
19.997389,23.852106,1
-31.229006,-43.046963,0
39.976753,-30.966772,1
-20.717268,-13.359622,0
44.853996,-8.238898,1
19.838402,30.131117,1
16.121687,7.197358,1
14.286373,-4.6866617,1
-12.634524,44.440975,0
20.069393,2.513062,1
65.60272,-2.3746052,1
56.463898,5.9796534,1
-27.200293,-1.2024661,0
47.189266,18.427465,1
5.2662883,-8.115479,1
-22.80171,23.950344,0
-15.502228,-23.735964,0
4.8405576,15.952208,1
-15.659291,-24.735912,0
-42.24392,16.980549,0
-25.943869,34.14194,0
-35.266968,19.19393,0
-47.90459,31.257309,0
-29.44001,39.082497,0
6.426371,8.099099,1
8.983852,7.01818,1
-39.18227,26.763165,0
-1.5524578,6.7197704,0
11.181633,2.0684023,1
18.410683,2.9186702,1
-36.1971,-6.3979154,0
-22.74594,-9.539167,0
-21.103348,29.771744,0
9.816921,4.657602,1
54.908554,15.990928,1
-31.851194,-2.6598926,0
-31.799646,-36.714848,0
-12.645137,14.731173,0
50.239292,-26.78312,1
-30.652485,45.770187,0
-40.097813,-3.7932057,0
0.33556014,4.3619823,1
53.07658,-15.125918,1
48.928688,-33.728703,1
53.185238,-1.897624,1
-14.40769,47.028698,0
-41.206856,31.18984,0
17.749897,27.96965,1
-56.29955,29.404081,0
-39.82407,-42.679047,0
-25.714054,-41.82006,0
17.409443,10.708048,1
58.653988,6.9096913,1
2.9911163,-7.3317056,1
48.49059,-20.359074,1
51.181385,21.40754,1
51.718895,-15.7609005,1
-40.515217,26.09979,0
61.395298,10.7887945,1
-37.241608,-36.184097,0
-4.6049595,23.141712,0
12.993057,-0.12446109,1
-41.072643,29.069275,0
-13.858226,-47.515327,0
49.415504,17.099667,1
-40.222565,36.968853,0
25.522257,22.855541,1
4.129859,-11.217695,0
29.17414,25.438486,1
58.52138,16.270126,1
-4.8942986,25.4821,1
-39.562313,-5.334374,0
-2.7916057,9.239132,0
5.18486,26.64276,1
11.720058,6.4595513,1
55.315388,-0.954968,1
-30.68045,25.35427,0
-52.989918,28.698391,0
33.415947,27.988323,1
-10.310329,-23.994085,0
-13.840608,11.826803,0
-19.673353,-4.74641,0
-39.28719,24.66081,0
26.591877,-26.689245,1
64.66161,5.5111938,1
2.1101,-29.725164,1
-36.436825,-31.816107,0
0.4322552,-45.186375,0
-22.386473,-12.5431595,0
-26.088924,-42.81343,0
-6.7540154,39.877445,1
-21.752638,-30.697573,0
-26.819242,-2.5153747,0
8.92828,-5.0096135,1
-43.53522,-22.285723,0
-26.530281,-3.0434113,0
-13.501864,-32.340645,0
14.184186,15.345078,1
50.524437,11.312468,1
43.159782,-11.032458,1
32.323494,-28.928354,1
-27.96133,-42.523853,0
64.6729,3.467669,1
7.645851,-39.980736,0
-38.48039,33.98925,0
-29.037167,34.044605,0
-45.228195,-20.476591,0
8.088261,6.0314097,1
35.527054,19.66847,1
-35.256668,43.269478,0
-28.642632,15.580638,0
63.904415,1.8513722,1
-30.013332,-28.098566,0
-36.381145,-5.278349,0
-8.721572,-19.939554,0
17.018084,-9.576862,1
-14.654083,11.936163,0
8.445251,25.44881,1
64.66168,5.5112576,1
-44.54678,19.467659,0
36.459354,-13.885206,1
-30.649002,31.40804,0
-30.47868,-41.646187,0
54.36595,-17.745,1
-15.668553,9.069583,0
9.463011,-34.82435,1
40.114147,-18.42557,1
54.198208,-24.306847,1
-4.619977,47.94914,1
28.129402,15.03896,1
12.18601,-42.14475,1
-43.112953,17.28473,0
4.982592,-16.79009,1
-31.949612,37.59786,0
59.348625,14.892285,1
15.995706,15.660892,1
-2.9602702,-40.57848,0
50.065876,-29.30471,1
-20.717268,-13.359622,0
5.2449985,-3.2024534,1
9.349436,11.12814,1
-19.454447,-15.903483,0
9.918127,-35.32996,1
55.666126,-2.020688,1
54.45251,16.419493,1
-38.04357,22.208569,0
2.3432302,-12.525342,0
-29.924793,-39.170723,0
42.187748,-27.59421,1
-10.237475,13.209028,0
41.421932,-15.036558,1
-20.598726,-40.89542,0
52.076336,11.764969,1
16.423662,18.556488,1
-39.72271,22.396862,0
54.00731,6.331445,1
-21.382915,-34.586697,0
32.939835,-27.602964,1
64.38142,4.121758,1
-17.966146,-18.435045,0
33.283722,-25.879028,1
-28.711891,35.17348,0
-40.225742,27.912174,0
2.4237924,-8.422912,1
22.741264,-17.381739,1
55.08686,-21.509245,1
-31.806608,-33.856895,0
13.845134,5.415743,1
64.18836,16.91087,1
-0.95490235,-1.7159439,0
-15.606673,14.069275,0
-5.9547443,-6.868258,0
-25.149511,-26.061367,0
58.142513,-0.17651652,1
-11.900291,-31.674576,0
-7.782914,-42.715862,0
27.238405,22.828033,1
-20.197042,29.775417,0
42.50689,-23.14659,1
49.81664,13.994103,1
-48.395092,32.096134,0
65.11,10.490028,1
-26.984762,-10.970514,0
35.285393,27.299204,1
-44.80104,-21.394102,0
9.591039,-47.251453,1
0.15928964,-42.569736,0
-14.514763,15.38516,0
11.397331,-8.12583,1
-34.81745,-4.615834,0
-16.40591,41.088993,0
-10.940903,-26.261501,0
-5.413936,7.0331926,0
-11.678768,42.19109,0
3.4029217,35.006893,1
-49.155544,39.890614,0
-8.064394,-52.61506,0
33.805023,-17.003149,1
26.967802,31.574934,1
-48.975582,34.232773,0
-20.133692,-30.426805,0
32.596706,30.836731,1
54.780266,22.042528,1
-6.388546,-8.943057,0
-26.100525,42.100296,0
43.198036,-21.30072,1
-12.5450115,-44.907654,0
-7.9192963,5.3413033,0
8.080081,4.8153067,1
-25.889374,-37.81304,0
-23.17587,-15.194774,0
-19.415213,-9.523056,0
34.85825,-17.271677,1
-26.971907,-16.36014,0
-42.658836,-20.951462,0
-7.0326695,45.02653,0
-7.9359593,3.371018,0
-45.730827,-27.869015,0
35.164543,-10.550162,1
19.385038,13.620713,1
-32.989876,-44.21586,0
52.668507,9.997005,1
0.82153076,-19.451385,0
-40.67216,39.997654,0
-10.045909,46.034733,0
44.14382,-7.9005117,1
33.640892,-30.551756,1
13.183045,8.233786,1
-5.0555587,-11.464348,0
-7.0326695,45.02653,0
-0.6860281,19.529627,1
54.72969,-19.016525,1
-7.0985866,-3.4497898,0
8.680377,-2.127639,1
-11.374036,-27.907162,0
-30.518393,45.704197,0
40.327927,-23.26414,1
44.899097,-27.51047,1
-14.666135,-47.546295,0
-3.9648561,-35.851215,0
41.821384,-8.201517,1
-7.310917,33.962986,0
-29.433823,-4.3134255,0
-5.9692736,-14.15846,0
-54.192886,23.7697,0
6.6236167,-6.57182,1
-43.114445,41.37191,0
59.2435,12.194958,1
1.1259168,8.762225,1
-11.390244,-12.123416,0
21.35186,26.692303,1
-37.516415,41.361893,0
-26.133036,-29.478941,0
-21.482548,-40.170895,0
-44.61091,31.844954,0
30.179802,15.619134,1
-17.825136,-4.575074,0
-46.42631,27.342243,0
42.8707,-14.1091,1
31.319183,30.607447,1
-6.7834535,-22.206532,0
-7.8679967,-14.802706,0
-27.40982,32.71574,0
20.338142,8.177026,1
-7.961979,-19.419312,0
26.965603,26.94782,1
42.536274,-28.982023,1
21.321241,-2.9118948,1
-24.36812,30.785952,0
8.78581,11.658446,1
-2.1098192,-17.242357,0
-47.413666,-26.314669,0
41.652817,-24.321453,1
18.004019,27.17101,1
59.829514,-1.1282464,1
-6.0870123,-47.249275,0
-45.493217,16.790789,0
-18.900118,-9.1561,0
-9.904551,-9.245007,0
11.281646,-16.3207,1
30.7208,17.199192,1
55.417156,9.191472,1
-17.376877,42.619774,0
-26.676197,32.838245,0
12.152488,-11.520101,1
-24.298996,41.037407,0
52.4487,-26.638653,1
-19.683151,-7.7894845,0
-40.260483,-2.932911,0
-30.814354,-36.179996,0
51.83316,2.3438966,1
-38.996593,15.452928,0
-38.953266,39.246967,0
24.392384,0.18746951,1
35.32069,4.1977024,1
-46.865887,-25.34601,0
-1.4133319,-5.8769884,0
-39.67741,33.345654,0
-19.65796,42.32603,0
-22.270994,-40.616108,0
-34.604366,-18.508818,0
-28.98447,-5.394939,0
-22.237343,-31.963348,0
12.864437,-1.5541986,1
-5.509269,-21.153341,0
57.266502,21.215523,1
-31.182375,-40.82735,0
-36.28352,33.877247,0
-28.150219,-30.59989,0
-50.04906,40.40413,0
35.691185,18.1571,1
36.50611,-30.519808,1
-15.55772,9.364197,0
-49.273582,-10.231811,0
-27.063168,1.8031704,0
-56.546364,29.131565,0
-23.990295,-35.680088,0
26.07702,18.814629,1
60.27524,4.555644,1
28.038496,15.005063,1
21.003248,31.060823,1
21.820763,3.3685942,1
23.645102,5.441154,1
-11.376828,40.2605,0
-5.9269314,5.572912,1
6.930097,-8.686026,1
-44.077156,18.809347,0
57.73559,21.394497,1
-43.112846,17.295456,0
57.258076,9.813377,1
54.339252,21.567404,1
-30.225317,40.308628,0
-36.113186,29.58647,0
64.18836,16.91087,1
-8.198223,42.976654,0
-25.072998,-1.4491702,0
-11.907365,-4.8043885,0
38.987392,-27.454456,1
45.571346,7.98913,1
8.699093,-3.2661924,1
-2.582693,23.994308,0
-8.8776245,41.519844,0
-25.092176,-1.301006,0
27.927982,29.347084,1
-46.392956,-20.44238,0
-51.840607,38.79505,0
49.58404,1.7937146,1
-4.265095,-4.4669433,0
53.78506,11.810844,1
47.731922,21.518805,1
-33.442238,39.948704,0
11.220024,-34.781586,1
2.9169283,-38.525692,0
-33.647892,-37.14421,0
-0.87361836,19.87196,1
-42.225647,37.886147,0
56.82665,21.732725,1
33.1888,-8.096823,1
-7.3272142,-40.362583,0
-27.01224,-44.676685,0
-32.567738,-19.692616,0
-48.478024,33.644512,0
-41.204994,26.989386,0
0.19726786,-18.975021,0
-25.812807,-43.680393,0
24.882402,19.77613,1
60.30244,6.6555743,1
-31.763985,36.442524,0
-6.6138563,-26.530336,0
56.463898,5.9796534,1
-3.531973,-36.708477,0
-15.236479,39.689697,0
49.43697,2.4042234,1
11.366364,15.400513,1
-13.186705,40.246128,0
62.659992,8.762522,1
49.38941,21.387846,1
11.57114,19.545824,1
17.936758,-5.6508193,1
36.22799,-13.024304,1
-8.048318,1.5586463,0
6.722118,-1.3447484,1
-1.8962444,-7.8639593,0
-29.186138,40.35893,0
-0.7110376,-6.5134473,0
-47.8403,29.812681,0
-33.83199,32.483063,0
-13.109904,-24.190842,0
47.114048,-15.677891,1
-1.6411874,5.5905323,0
34.229218,16.522923,1
-4.337559,25.246489,0
-35.284496,-16.048674,0
13.084958,21.517607,1
-3.4477875,-36.70867,0
-12.311048,-21.064163,0
-40.97291,-31.158924,0
45.677998,8.583334,1
-23.390434,-15.115282,0
-19.74599,36.38166,0
33.173775,25.521074,1
35.335262,-19.532076,1
29.508764,25.530283,1
-5.912622,-3.366434,0
53.02005,-23.09598,1
-8.438048,-47.051926,0
-12.743168,-33.02124,0
-10.634431,14.560789,0
-9.793024,-9.56014,1
-1.3296492,0.28273344,0
-4.6197906,47.94901,1
-5.4627943,-49.40002,0
-31.980392,-38.712868,0
-35.035984,-5.587585,0
-35.62369,-37.695812,0
10.934801,-43.111553,1
25.740944,23.012392,1
43.197872,-21.301073,1
43.125755,-20.41198,1
50.57559,-22.719244,1
-34.47757,-33.205452,0
0.5961329,-14.321458,0
51.33192,13.240376,1
15.373084,9.018747,1
-28.601604,6.064227,0
26.549517,-26.359507,1
40.02695,-27.938007,1
-27.628061,31.95628,0
-10.577034,40.780674,0
-42.635586,-18.995243,0
-10.061403,44.72681,0
35.70638,-9.706524,1
3.5346959,21.12884,0
25.775215,-0.112112254,1
-5.9717984,-1.5787193,0
-26.065628,-40.337357,0
-14.237978,-1.6421617,0
2.3946884,-16.454489,1
-6.1019006,-8.994939,0
-43.64499,34.727337,0
-51.730476,37.887646,0
6.207717,25.677599,1
12.353077,13.777222,1
-5.858304,9.708009,0
-17.195116,32.610516,0
-43.236988,-19.141453,0
1.0788361,24.328424,0
-1.871177,-2.432268,0
-9.404503,-15.454809,0
-20.140139,40.52696,0
-53.761967,31.259497,0
-48.677116,27.67192,0
-37.788506,-31.163046,0
65.44501,9.385565,1
-26.338293,-27.753098,0
-38.04357,22.208569,0
-54.28545,25.804947,0
46.84391,-9.461836,1
-22.5966,31.37461,0
-27.260784,-16.480429,0
-26.526663,-28.023504,0
-29.88881,31.220154,0
-31.492868,-18.922085,0
13.35502,-8.731625,1
-47.93778,32.77588,0
-22.63693,-15.258148,0
20.338142,8.177026,1
-13.270732,32.897,0
-17.334303,44.537743,0
19.506638,5.9425883,1
-12.419937,-3.2400215,0
-6.316648,7.6004996,0
11.9619465,17.43382,1
-25.46011,41.622406,0
-1.9423548,8.520153,0
19.00163,-5.866711,1
5.4847517,-0.052908707,1
-24.453835,39.98486,0
10.942238,-6.338447,1
34.402023,27.069902,1
-48.391136,32.97525,0
60.186237,6.645694,1
-23.29604,3.4587831,0
0.12597336,-5.8738112,1
0.15962091,-42.56954,0
0.9578046,-31.938032,1
-55.48805,40.203045,0
-38.51007,23.792336,0
-58.18975,38.46844,0
49.95037,-32.823174,1
27.452768,29.25176,1
-21.324402,-36.491093,0
-1.5735697,-40.833942,0
-35.600815,-7.89168,0
-31.799662,-36.71494,0
-30.271442,-37.32808,0
-40.836754,33.092735,0
8.55522,-39.96488,1
-30.478706,-41.64615,0
-22.803444,-32.35674,0
56.608307,19.827475,1
-44.9229,34.837513,0
-15.139739,36.38068,0
-38.9548,15.402789,0
-17.334093,44.537716,0
-5.0909624,-51.145775,0
-0.2687156,-30.252283,0
-34.371304,-0.29955292,0
-31.647404,41.68445,0
-47.48188,24.16408,0
-28.595417,0.08534952,0
54.511734,-3.1517975,1
55.33996,3.2077904,1
1.8929799,-29.796797,1
54.82143,-15.28951,1
17.82243,27.08848,1
49.923462,-24.92651,1
5.359666,-9.606678,1
-2.0521622,-3.6616573,0
34.176117,-29.31712,1
35.08144,-24.61427,1
-25.060972,-40.217922,0
12.50413,-36.233486,1
32.323494,-28.928354,1
-23.156343,5.163731,0
-30.731579,38.170387,0
63.51433,10.90541,1
10.379432,-39.07169,1
11.675017,29.114012,1
5.917851,-1.5252088,1
-45.91579,18.247038,0
-28.383743,-14.100758,0
-30.5064,-29.478529,0
6.2775445,-11.566339,1
1.268589,9.9298315,1
55.315357,-0.95501435,1
-49.349953,23.697512,0
19.153389,16.60391,1
-40.383976,38.384033,0
-21.118425,3.6421397,0
-33.656017,-39.571323,0
30.595547,27.37626,1
24.000532,-4.372831,1
-16.50826,-5.555209,0
36.227886,-13.024378,1
-11.000712,-27.069649,0
8.613935,-44.915867,0
26.186773,17.883568,1
11.553277,19.794308,1
10.585857,6.511089,1
-29.85812,-32.41852,0
-32.08194,-11.602463,0
25.21919,-2.42574,1
13.207793,3.5236707,1
41.023487,-28.72823,1
-14.666709,49.88356,0
21.311537,29.911789,1
-7.4380302,-0.41671285,0
-9.113677,46.63744,1
-21.650126,36.80057,0
54.799763,21.29551,1
-4.8108473,13.845012,1
-22.857742,-18.368,0
36.477444,-18.913918,1
-23.923811,-26.272234,0
6.4478335,21.518612,1
19.471834,17.016357,1
50.31734,-12.689776,1
-15.992675,42.459347,0
-22.803185,-32.356853,0
-13.060731,12.842106,0
-6.47846,42.705727,0
37.409008,7.0299687,1
65.073586,1.7818364,1
-9.615105,46.616314,0
16.73169,26.365452,1
49.78609,-33.128727,1
8.156121,0.31623915,1
50.239292,-26.78312,1
-23.252005,44.393787,0
19.220446,13.467986,1
48.33557,-22.197449,1
0.8774604,-46.22306,0
-5.649587,-8.363888,0
10.090086,14.47902,1
-20.537544,-27.856567,0
-21.678665,-23.968832,0
-37.161133,-3.6528294,0
44.936394,-10.19589,1
48.062126,-17.306627,1
-17.429834,-22.57651,0
-33.11497,-19.066444,0
-39.807625,-42.675423,0
-8.341899,45.97817,0
36.91394,-27.409132,1
-33.296917,43.025177,0
58.003735,16.004597,1
-35.204533,-25.571898,0
26.69462,28.811354,1
-20.175348,48.92472,0
13.150188,-1.7378422,1
-23.252005,44.393787,0
-28.38921,-2.6431916,0
-16.627512,10.716797,0
-28.90073,-45.764397,0
32.529686,-27.06565,1
28.34615,29.243483,1
13.795145,19.609467,1
-34.188454,-17.040972,0
0.9349933,32.41602,1
55.54964,-15.990303,1
-55.63483,33.42426,0
9.925823,12.169724,1
-34.803833,1.7737406,0
-6.2526484,-47.875145,0
1.8763974,-42.422585,0
8.507667,11.364471,1
-56.759888,27.530031,0
-4.7583942,-22.371311,0
33.67435,-29.075558,1
25.995731,-0.9374015,1
63.904415,1.8513722,1
13.9977255,14.229184,1
-45.14374,36.91323,0
-20.61783,48.581013,0
-28.89698,-40.26031,0
-31.451591,46.061142,0
12.328599,-4.614382,1
-34.37125,-0.29956302,0
-13.166178,38.99228,0
-34.127678,-32.193928,0
5.893587,-17.833155,1
-34.512745,-20.118412,0
-3.856862,4.0485926,1
31.156286,30.816198,1
15.842008,-8.634522,1
-7.9736996,39.073757,0
-13.022353,45.33796,0
50.6137,6.28087,1
-35.256866,43.26966,0
59.242733,12.1950035,1
-28.06151,-32.987656,0
-13.060635,12.842169,0
-3.6060207,6.4704013,0
-32.243343,20.38366,0
61.131283,1.8420286,1
-3.3134527,-45.8913,0
-10.885364,7.639268,1
-56.708473,37.451683,0
38.11488,-26.019457,1
39.031,-25.300314,1
-18.03716,-17.785067,0
51.17978,-31.865574,1
-43.10921,17.043034,0
-23.923882,39.66873,0
27.889734,-29.460442,1
-20.949263,1.4255337,0
51.394455,16.74924,1
-17.825113,-4.575117,0
40.704136,-24.95334,1
-45.586388,-28.117989,0
-8.048318,1.5586463,0
-8.565869,-23.9728,0
-8.971632,13.407868,0
-40.690506,40.74651,0
-3.1274626,21.368967,0
25.39198,-10.983562,1
-16.15151,-30.415516,0
-6.2064247,1.7909946,1
54.26359,-2.5318804,1
55.045513,0.6540466,1
-44.047005,29.00646,0
-42.386986,34.567,0
-50.283756,27.848038,0
12.10374,2.1601067,1
-5.1998124,23.436409,1
-7.4046636,-0.3282965,0
4.982625,-16.790098,1
55.332928,-16.772802,1
-0.7774179,-45.972977,0
51.057243,15.861864,1
-16.635296,6.2944217,0
-36.454002,23.07835,0
11.283653,-4.0594525,1
-28.840689,-32.25326,0
1.4121919,-11.442137,0
0.5961329,-14.321458,0
10.310912,14.861952,1
-14.144495,-14.457243,0
-37.70231,-4.9083056,0
56.95439,-17.024538,1
-9.425051,42.121853,0
-24.144941,33.768204,0
-11.992547,-3.2667465,0
6.175332,19.728703,1
10.123502,-35.778564,1
-36.350624,-14.500989,0
-21.222132,-24.116402,0
18.223227,-11.085829,1
-6.8595157,-5.8804183,0
-39.524025,29.014044,0
-31.479055,-34.507153,0
-12.652946,3.5268114,0
10.319602,17.587759,1
1.8455843,7.924741,1
33.962414,-21.078117,1
-39.55998,25.670767,0
-31.495121,-29.616924,0
-47.656586,29.250895,0
36.345444,28.709208,1
-7.8499284,41.63277,0
-21.084805,-39.632675,0
16.776049,-3.3465931,1
-10.403195,-39.074867,0
-5.8531528,-1.933086,1
67.00728,1.2544968,1
38.97224,-9.307555,1
-40.635582,29.78139,0
-25.741299,-16.329245,0
45.734478,-13.986366,1
-24.5426,37.03965,0
55.62099,-25.659891,1
-34.966003,-25.053009,0
-18.735395,-23.692142,0
-3.1699831,4.7587786,0
17.142063,-6.5696383,1
-5.9061074,13.349495,1
62.200546,15.236313,1
-12.060552,43.696648,0
-15.152468,40.53228,0
15.779478,0.35035712,1
-37.162006,32.835033,0
-10.150101,-49.114822,0
-24.98397,-41.978836,0
19.598272,-0.9284654,1
-43.65452,30.728025,0
22.772993,10.759395,1
21.00308,31.060656,1
9.598613,-47.554005,1
38.45741,-24.935387,1
49.069324,16.586813,1
52.548603,3.6792207,1
14.833337,12.9129,1
-6.264699,-50.153854,0
-20.003115,3.5232365,0
-30.742214,-32.42774,0
-1.8191142,0.7561523,0
-24.07137,-26.339909,0
55.71941,11.119629,1
-38.519325,38.17819,0
-31.551327,38.72314,0
-17.164816,-32.80107,0
-7.271237,-12.932116,0
-47.406315,31.98987,0
51.482506,-20.825212,1
16.741707,29.854837,1
13.695439,20.384325,1
52.099808,-28.015284,1
2.624021,8.761518,1
45.018177,-9.447238,1
-32.96836,-33.72232,0
-32.726395,-43.124584,0
-1.9302387,-46.13362,0
11.038553,-15.476033,1
-54.20749,29.81583,0
65.63163,-2.5213447,1
-54.363747,23.787119,0
26.222776,6.6656075,1
12.980932,13.886338,1
-39.67741,33.345654,0
-29.781551,-13.41585,0
-3.942482,14.037237,1
-39.14398,-2.0746415,0
-18.90799,-0.37144083,0
22.374077,21.787058,1
-7.1916895,6.307972,0
18.984089,5.0529056,1
-6.12997,-19.381294,0
60.500103,16.68447,1
36.11566,24.740831,1
-22.944893,-40.94857,0
51.488304,1.0210471,1
-32.07653,-16.980345,0
-14.654087,11.936136,0
25.444372,2.7328541,1
-36.98825,25.534744,0
-16.769547,40.753494,0
24.923695,23.484404,1
-30.865757,-44.513508,0
55.405987,20.89674,1
60.176186,16.105381,1
63.92198,9.972721,1
-15.400313,1.2202522,0
-36.83333,-15.662908,0
-21.83228,37.57507,0
-34.8174,-39.58706,0
0.9349933,32.41602,1
13.85452,7.813545,1
-38.184338,28.57497,0
-1.5735697,-40.833942,0
-47.01431,15.894558,0
62.657467,6.919443,1
13.555424,-11.782383,1
20.279274,16.126564,1
-2.6023526,30.182735,1
58.086636,-0.49141014,1
10.554649,29.955616,0
-26.606976,-27.438435,0
-9.7709255,-9.930196,0
-10.701478,12.200825,0
7.3210053,-31.865263,0
32.289433,-18.186022,1
8.677758,13.026681,1
41.29865,-19.382998,1
-4.7388234,-39.996056,0
32.86164,-19.405159,1
16.610277,4.666329,1
58.616146,4.7890697,1
22.146877,26.549332,1
-8.829988,11.049769,0
-28.003511,-28.254639,0
3.0902655,26.150461,1
-30.66358,37.614567,0
-33.4712,36.003017,0
-39.41885,38.146076,0
-16.596338,-0.8846549,0
-42.898987,29.248442,0
20.876772,3.7433777,1
19.143694,2.9213958,1
-31.355864,-7.109758,0
4.518417,-7.688403,1
18.859777,8.727854,1
-24.119446,-16.25738,0
10.879596,10.730797,1
-19.836199,-31.25289,0
53.020054,-23.09628,1
-2.9121408,-34.17706,0
-42.556786,-21.098969,0
-37.824036,-2.9074216,0
3.285585,-36.285107,0
54.36596,-17.744907,1
39.82876,-26.01973,1
-23.475317,-31.697409,0
-21.83228,37.57507,0
-25.472816,2.0885859,0
7.727933,-40.03759,0
-23.82816,-23.538374,0
51.389275,-33.52562,1
-30.272364,-6.066407,0
-38.4004,37.458893,0
34.71935,-6.3116007,1
23.179577,8.07677,1
-19.54868,36.016296,0
-20.37937,36.21533,0
-7.420603,12.316786,0
-19.682106,-24.991358,0
-3.5791297,44.007847,0
17.33167,-1.7313035,1
-34.09068,29.470749,0
-41.204994,26.989386,0
58.086555,-1.2647471,1
-17.429808,-22.576681,0
-20.542418,50.71091,0
-53.07851,28.019148,0
3.3937256,-16.436571,1
-22.217146,-17.144777,0
34.485004,20.41784,1
16.775818,-3.3466873,1
15.871013,1.0096372,1
21.399426,31.538383,1
-25.069683,23.599607,0
-10.720006,45.07023,0
-46.112156,15.838696,0
8.156077,0.31615594,1
-0.56189054,15.589142,0
-39.22203,41.71268,0
33.372074,-27.779507,1
55.06896,9.517894,1
-33.36462,39.308594,0
6.5914817,18.814972,1
64.65331,1.8589737,1
46.147976,18.219852,1
23.481318,-6.075717,1
-29.245949,-43.977245,0
26.633232,23.137547,1
35.63206,-13.889467,1
-7.4047604,30.50294,0
-45.229588,22.84475,0
34.917683,20.52416,1
-36.37027,27.43671,0
-27.628061,31.95628,0
9.513291,-1.9994138,1
33.93746,-6.519288,1
-28.727388,-36.985065,0
-6.8194323,-11.115814,1
51.775867,-21.718664,1
43.900024,-20.871122,1
-19.141016,3.1791904,0
-32.92151,0.71930647,0
-3.6390102,5.632136,0
12.001112,13.040128,1
-14.128369,-1.0291684,0
-24.36812,30.785952,0
-29.583426,31.691631,0
49.564854,-33.302082,1
2.815827,24.987858,0
-5.9269347,5.572991,1
16.035501,15.419136,1
-23.17703,3.6026697,0
59.592945,3.1990325,1
-21.135714,-15.172068,0
41.284176,-25.771505,1
-14.685824,36.60196,0
47.838196,12.789195,1
-49.279613,-10.221686,0
-5.637941,-47.919136,0
0.4858269,4.9736614,1
-25.902529,-19.387516,0
52.465137,19.168873,1
-30.151922,-44.432804,0
54.02821,-17.384176,1
41.59206,-15.042105,1
46.15603,-10.424009,1
19.482845,30.800955,1
-53.662052,34.446163,0
-1.522104,-38.147312,0
52.80885,-16.197268,1
-11.452433,8.876462,1
25.029291,-4.480528,1
-7.3835936,-43.983307,0
2.423789,-8.42304,1
24.039326,-16.618105,1
51.33192,13.240376,1
-7.6380095,46.622955,0
-39.70807,38.42755,0
-21.4975,-33.481182,0
-10.196328,15.244005,0
61.210415,15.590873,1
-21.431044,-15.082373,0
15.327294,4.233689,1
-45.00962,34.119236,0
5.7157745,2.188856,1
-5.25364,-23.048275,0
-6.6750546,-46.79309,0
13.446307,-35.975113,1
62.249992,5.315088,1
21.653948,-3.9810479,1
22.666277,11.646476,1
42.93264,-9.83768,1
-44.73176,-18.471767,0
-16.998339,-11.52289,0
34.51089,16.46398,1
-11.070815,-48.851208,0
-11.668204,8.57814,1
-45.57295,25.942337,0
63.745895,3.284084,1
-1.4055476,32.372387,1
-1.6616884,20.964327,1
57.910877,-17.66446,1
62.301044,17.130241,1
-29.466846,-4.7821054,0
15.755705,30.878656,1
43.164673,-30.28692,1
-11.562994,-4.445665,0
-45.788048,-25.324728,0
62.336853,1.5607355,1
0.5611772,15.062568,1
10.418607,-16.650633,1
-30.87093,34.48212,0
-6.8496833,-46.522915,0
28.302261,-32.727863,1
-23.964968,-11.691766,0
3.2195985,-13.093395,0
39.997147,-24.156199,1
16.088867,5.7737875,1
-19.475172,-23.947432,0
-5.813153,-40.088448,0
-23.353697,-46.994694,0
47.694805,-34.30175,1
23.523106,26.44523,1
53.07658,-15.125918,1
31.099613,28.53264,1
13.701436,17.88922,1
5.7934446,23.9504,1
-5.4627943,-49.40002,0
-27.203512,-7.6562395,0
0.4322552,-45.186375,0
-53.62826,29.36231,0
-18.114439,-30.092314,0
15.141061,-1.4125718,1
54.81888,6.267848,1
55.95285,2.2262354,1
1.2553097,31.857468,1
-31.18284,-28.299625,0
28.761545,30.00863,1
45.068474,-25.590317,1
39.41726,-9.7142105,1
-9.215198,39.208355,1
-49.546623,30.74357,0
9.133768,-16.981436,1
-29.677624,-14.606135,0
-37.06378,31.786894,0
20.013657,-4.8933578,1
-33.211254,38.54382,0
3.7439966,-0.116042465,1
7.8790197,12.328161,1
-15.617895,-33.94469,0
-18.663975,-34.25799,0
61.84567,16.0842,1
-36.23568,-39.132847,0
-33.38305,-42.719822,0
50.138515,-29.749828,1
-23.402206,-4.6372757,0
41.761017,-21.901329,1
52.506695,-20.743088,1
6.160884,-16.318262,1
-28.447212,40.420033,0
-16.508137,-5.5549817,0
3.218792,-35.617474,0
6.456589,-6.845423,1
36.60177,-25.47219,1
40.303013,-6.8753076,1
28.45405,-27.983688,1
36.994938,-30.03905,1
-22.785835,-33.1058,0
4.397353,25.28521,0
53.71496,17.205462,1
-40.635582,29.78139,0
16.317287,8.413492,1
48.13993,10.643842,1
-40.01738,24.538902,0
-25.827465,38.522537,0
-22.625435,-23.963644,0
34.65431,-17.29584,1
18.415499,5.6840305,1
17.123285,-8.576292,1
54.441856,-0.07720829,1
59.932674,13.697255,1
24.143393,25.681648,1
-47.14249,-19.832403,0
-19.54868,36.016296,0
-3.3512952,0.07486407,0
-23.800236,25.187721,0
-0.2694183,15.426545,0
10.7418785,-38.294643,1
-28.35623,34.61867,0
-25.216778,-25.279333,0
-45.82217,-27.698616,0
-24.09857,3.7709572,0
-37.824036,-2.9074216,0
64.99737,9.780974,1
-10.434715,-28.455242,0
-12.819153,42.276855,0
-39.22842,-37.677517,0
-17.739672,42.05516,0
9.581492,-45.08171,1
-30.148708,-11.965579,0
2.0332787,-17.896212,1
59.602463,8.76468,1
-22.62572,-6.4642887,0
56.33699,3.0171335,1
37.006832,23.518538,1
-45.355114,38.51131,0
64.98734,13.709622,1
48.843803,2.8062842,1
2.9575176,-5.1383967,1
-2.9171684,23.333061,0
-2.2584343,-11.122222,1
-33.367725,-39.65522,0
-24.681253,-31.407885,0
-38.695164,-1.6241733,0
-11.179521,-38.173744,0
-29.036814,34.044434,0
-24.896603,-8.2599945,0
18.943756,15.106312,1
4.346526,24.910278,0
-3.8171177,-20.161379,1
17.879004,3.8844554,1
39.29818,-20.955442,1
-35.718616,-0.28835806,0
56.099884,21.134672,1
-13.958354,16.158749,1
45.810104,-14.02966,1
-56.759895,27.529985,0
0.81015587,-46.677303,0
-44.19827,39.08351,0
-43.311855,25.530416,0
-52.787483,36.644505,0
-29.58171,-15.7842865,0
-25.973242,-37.58844,0
-18.239927,39.184135,0
21.272854,-6.602453,1
14.480029,7.8611646,1
-29.020414,-18.17437,0
-56.499336,24.742477,0
-7.8212447,-39.48249,0
19.259321,23.488005,1
-26.481731,1.231871,0
19.208015,27.503788,1
13.782057,-6.611379,1
-27.01134,-11.572624,0
15.838522,18.799726,1
-2.3764136,20.825274,0
1.7364931,-17.780966,1
2.8036206,32.547707,1
6.320421,-0.75887305,1
-24.829893,-42.22322,0
48.73138,17.282053,1
58.214176,-14.82559,1
-2.4311147,42.298145,1
-33.186367,-16.06259,0
-15.929166,-23.644625,0
-15.99868,12.171,0
-7.6080203,-5.9311357,0
-3.110879,-18.05641,0
53.11298,21.172338,1
28.980337,1.6064409,1
33.12069,-22.725012,1
-51.18787,25.08786,0
-9.897755,35.973316,0
22.62562,-17.345907,1
-39.109867,31.97928,0
-46.195034,31.325327,0
1.1837721,-42.598145,0
5.6016197,13.751804,1
12.328599,-4.614382,1
13.401447,11.104911,1
-14.681066,43.038387,1
-21.804604,-10.464137,0
-27.392565,-7.8264856,0
49.923462,-24.92651,1
-43.89171,41.106503,0
13.9977255,14.229184,1
26.24862,0.81050634,1
0.64175117,-32.890125,0
27.943365,2.9428573,1
-22.165428,-18.218948,0
-26.511322,-40.828827,0
7.2474923,5.286318,1
17.012468,-5.822786,1
-28.727259,-36.985172,0
12.18601,-42.14475,1
44.953465,-9.477625,1
10.531751,-9.078346,1
-28.665987,-35.689873,0
-2.1014078,-33.530556,0
-22.803774,43.404156,0
-8.092967,-12.883122,0
-34.04568,-1.9770159,0
-7.9378858,2.711038,0
-5.5442295,9.14278,0
50.31734,-12.689776,1
56.39955,0.120783366,1
16.530474,19.928108,1
54.819565,-20.322828,1
39.65999,12.689829,1
-15.496766,-28.615173,0
-16.246927,-33.657063,0
-10.688269,46.21786,0
-5.611591,-41.260525,0
1.9485797,-14.457168,1
55.803368,14.498259,1
19.259321,23.488005,1
-53.04823,31.416798,0
46.713043,-26.542027,1
-20.086159,38.326656,0
32.27115,28.929684,1
35.49609,26.727287,1
-46.868027,28.060675,0
18.557358,-7.631964,1
-40.4781,-6.145422,0
36.343132,21.601912,1
-0.5683837,-44.56633,0
-40.116447,-5.126958,0
-10.434795,-28.455225,0
26.014315,24.49195,1
-2.8807766,5.730396,0
52.606865,-0.56495804,1
-9.300081,39.91727,0
48.24673,18.050255,1
-43.17256,29.58066,0
-12.334085,-21.284168,0
-1.3338163,9.411392,0
16.150415,1.9537876,1
-33.82041,-14.775979,0
17.993269,-7.848826,1
44.05186,-20.851027,1
-37.228283,-36.256676,0
-34.605907,-2.320477,0
-48.926693,34.80043,0
-35.87257,-1.9473171,0
9.925705,6.7709246,1
-45.224476,16.382683,0
57.266502,21.215523,1
1.5155187,3.8169684,1
57.189182,10.785332,1
20.389389,17.768175,1
-54.89379,37.50588,0
-28.106272,-41.478405,0
55.360657,9.910109,1
-6.0603065,-29.68784,0
-26.550434,0.34050116,0
36.42508,-33.24556,1
2.4254427,5.707651,1
-19.28368,50.969566,0
-24.40142,-30.138634,0
-4.878995,-20.904148,0
-24.245607,37.15464,0
-26.46373,-30.549353,0
-37.676975,26.383188,0
-37.147236,40.53766,0
-7.6525435,-40.895603,0
16.184435,30.742403,1
45.421303,9.22615,1
-25.652153,-26.002167,0
-54.307983,41.55108,0
-17.264603,34.564842,0
-12.63518,-28.836525,0
-37.6325,29.536798,0
50.55688,12.710611,1
-25.219864,-12.288712,0
-19.283674,50.969513,0
-31.495075,-29.616571,0
-33.33778,-17.704891,0
-36.813717,34.93262,0
-17.817001,-30.181778,0
12.943519,28.080492,1
-4.7078805,-11.655015,0
20.633,14.06212,1
-4.635982,-8.623889,0
2.2027447,1.0110724,0
55.270275,1.5873581,1
-32.741592,-14.2841625,0
-23.097847,-7.1090255,0
23.481272,-6.0756884,1
64.12599,18.347565,1
63.012177,17.145773,1
-48.892704,30.126913,0
13.349312,29.52982,1
48.454117,21.440388,1
15.169911,-2.2798553,1
22.663855,-6.402416,1
12.982394,28.789856,1
53.47668,13.002277,1
45.11811,-17.103355,1
-8.971602,13.408042,0
-0.3794833,23.448996,1
-6.668118,-13.489025,0
-28.320349,-11.93953,0
-2.915185,22.688192,1
-0.26855406,-30.252357,0
-34.89282,-11.703367,0
-12.386047,-31.838966,0
22.711594,21.717295,1
30.983326,17.067127,1
65.47037,5.1638184,1
36.425022,-33.24573,1
-15.561059,-29.01039,0
50.366844,-16.423351,1
-53.509384,27.687826,0
-10.005006,-40.074955,0
51.30705,6.899663,1
22.105814,27.457865,1
-30.231295,41.225334,0
-8.696651,-46.491776,0
-0.57272047,21.762674,1
-17.898945,50.919853,0
-36.0538,36.416214,0
-25.43819,-3.942969,0
16.904083,20.586344,1
-8.971633,13.407498,0
12.572965,2.7904546,1
-5.4627943,-49.40002,0
-21.100033,43.565998,0
18.343237,18.791597,1
-31.704905,25.175383,0
-35.133537,-38.941032,0
-42.96395,27.254026,0
0.5376256,10.359977,0
48.291805,-24.073734,1
-38.14296,30.348118,0
54.125,-20.02334,1
-40.759,-31.071507,0
-53.141693,30.415218,0
-28.98448,-5.394805,0
36.913754,-27.409035,1
-31.479147,-34.507126,0
-14.1995535,9.916759,0
0.2703101,-7.150383,1
57.95892,13.701078,1
-36.99193,-12.885607,0
-54.53316,41.351307,0
26.974947,21.918753,1
-10.577034,40.780674,0
-7.653162,41.162453,0
3.540936,0.35286927,1
57.529873,-22.987764,1
-36.525917,24.081594,0
-28.519072,5.2274323,0
33.945793,-6.5084076,1
-7.9845824,-52.577152,0
-25.156424,11.526766,0
-28.043356,-40.435947,0
24.144299,3.6364548,1
-14.666709,49.88356,0
67.8897,1.3719739,1
15.613526,-8.530887,1
-24.121517,39.097935,0
