PC1,PC2
2.9216085600978476,1.9530046888727455
-3.2543466369997307,-0.7266250705236855
2.734587132862032,-0.24947927506297216
-2.6674702645852015,-1.1344610946907938
-0.03139817802391481,0.8718243941030706
1.628932385821427,1.038216291119566
0.6961809940462639,2.0221611022239387
-1.846000348040991,0.3862000453881164
-2.602595023459355,-0.327950580462676
-5.277788880232379,3.148049295662582
-2.9333668468974503,-1.7601934949782796
-2.12722862359106,-1.3085462338274385
2.531179685985571,-1.9953460119319486
-0.8988360940790496,1.6995916300021732
-2.3712627640020734,-1.726548094770906
4.851041804029009,0.17013915516682326
-3.1499085897252312,1.482261562284296
0.07979599423956422,0.22844823542624962
3.7026306727155944,2.419402147698862
-1.8655721181645244,-0.3824396774215581
0.16803673952730055,-0.29408304060406415
-0.7854224092968921,0.018296674615965777
1.1611869852579,1.3000778088208218
1.1109804008811135,0.6582749674536361
-0.9178611011437092,3.0538496209656794
-1.7439811939755923,-0.9017079213621126
-1.741205113958305,2.0033120832054028
0.7749249388893907,1.6094237152318331
-1.4393623149256978,-1.4572393712566234
4.638113710323594,-0.9072352817992143
-2.400339309456677,-2.108024960052373
0.5734500943382463,-2.319052001039103
-1.1802266991503696,-0.5274137701033512
-1.650850352526366,2.5729319992306805
2.7159640030089256,-0.1619076232751783
-2.5466807534918585,-0.20310677502541205
2.2823623132350828,0.7063990177147288
-2.585837783170491,0.21429189731337228
-2.214918924374201,-1.5259245124636545
2.7249114301035924,0.9353476235834227
2.423087465787673,0.9887487851239128
-3.0538426118885402,-0.1795955421262982
-3.1834059368266425,-2.138147425555288
0.24396592972497833,-3.22076129929443
-3.493148906611661,-0.7172679117139676
2.476157111399835,-3.0126190960238635
-2.0919651928036553,0.19534612203107413
-2.5778277680333233,-0.21169291800625664
-2.897159153971983,1.2948975496787223
0.7846787751752856,4.3457645112279115
1.4498059915736445,-1.310963063777192
4.568527064435236,0.10162478558530429
-2.5498634358388963,-0.2386188946914831
4.208074633272783,-2.199734485284638
-0.019159719072823034,1.7701819253011624
5.233649957750176,-1.1307507899541602
3.2335512738971715,-0.82770312903245
-2.5193283121833514,-3.0411106265078858
-2.452853546155622,-0.8054586559284662
0.3871013190748478,1.527830017396553
4.240074062675941,-1.9765072924447495
0.6798040865026994,1.5534029054641887
1.4172047532232535,2.710589505732866
1.6475902654189558,0.6097753743828427
2.541971499702721,-0.6193863916219722
-2.6408880317762273,-1.3771090495694343
-3.9984054966503395,-1.1686515368473764
4.171744147838816,1.3693086592426322
1.6560608481305592,-0.22542889892119752
-0.3098352670149063,2.8096044402914817
2.751706307011464,-0.008429129790803023
-2.2617384786944603,0.9367246749419921
2.1701446979298704,3.2173028474668977
0.4601864660146095,3.491312377657642
-0.731892897144093,-3.2216178044709793
-3.0534236643170285,-1.585692154379832
3.236724955191913,0.23194456418378656
4.673035779424588,-0.9718994073862778
-2.509559040836897,-3.893500997909883
1.9142732755829075,1.7199357276722056
-2.1166652791035228,1.2751021345872047
-3.288618280639605,-1.4833494599080197
-2.7825695142066253,0.2849582419562571
0.5734500943382463,-2.319052001039103
3.677580779034891,-2.230836007020605
-3.4236686676422305,0.007932560520898536
-2.4601968738132576,1.7562645430251949
0.024998468257578472,1.2607850660595907
3.6455147471344436,-1.7255214337686833
-0.20508785128861892,-2.2474075182981217
-1.6708708881765604,5.801952587373355
-3.480383595921984,-1.0293726701956334
2.230335834361862,-2.692041047799334
-2.67293455119086,-1.8055250431584573
-2.4932381502504293,-0.6811199052283304
-2.481413888767748,-1.867887292379883
0.8542066200032211,2.3346686294323096
-2.984947123102808,0.4037908786946354
4.062847085885516,-1.1350877946043494
0.900330228127183,-0.5672774948483201
-2.4092516264795893,-0.10255371853783758
-2.5727556400237233,-0.9398960294119023
2.8447230515271658,1.6925797531947293
2.6284684862770673,-0.46663834466359094
3.1880005774899978,-2.4514807069372058
-2.8168804146176107,-2.250590993138845
-2.0844944437523143,1.6941908736528346
1.048132881770306,2.8226555135953815
-1.6347051062453355,0.13340521946057138
2.492696544287578,-1.325467730469639
2.812283216334268,-0.1561981378492633
2.9514027087981383,0.9573054142795347
0.9826263575159766,1.2323068068900658
3.938026901147889,-0.6724004974443631
0.08662027019096656,2.160152659802493
-2.2498729503350687,0.13782952034592716
4.144081865559373,-2.942626355729142
-0.5883502704684642,3.0928077149320936
-2.8842798596757806,-0.4353255195240152
-2.9985987087807118,-0.9309647322447929
1.1671031040002686,1.3130329409242876
-2.301502366617236,-0.7153839243143042
-4.151855554058343,-0.2702315849108688
-2.6972552647281978,-1.3786490657907753
5.354966463956094,-1.4335942490058429
1.911133674701201,-1.6719060574311928
3.1086090121730168,-2.1643171791067375
-2.5065725723954304,-0.1827846251855393
0.017397107315672112,1.1470343357723178
0.9650750196205933,1.6664462337894324
0.2546440746481716,1.239936412190361
-0.20283640218416144,4.170144825721121
2.4089804323199897,-0.8036068885076342
1.5973549455284437,0.026491719106058843
-1.9226890526559428,2.5738293772479817
4.059736994217095,-0.8270374655529715
-3.670704261639237,-0.21069723627911222
-3.532180711537311,1.945596818895234
-2.980480337498883,-0.9117190421869875
-3.395125106311955,0.265029550136468
4.318813276737566,-0.8604358680963919
1.2555360399392517,0.33852218340906
3.915399506439353,-0.9594592313317739
1.9151387354203593,1.8158523071013541
-1.0914865450866886,0.7316963123222137
-0.23105225651518438,2.077965304331698
-2.2696520555941904,-1.0246166115460418
-3.14209803404914,-1.3644917265770076
-3.417946786530804,3.91121859040076
-0.28166248167510544,-3.050754378991
0.5075363220969648,-0.3498915821209137
0.4960046378498967,1.4842150679416255
-0.4559885728896595,2.0226421499917073
-2.6656611789428104,-0.15199540801467576
2.605921763309734,1.9683148135543111
3.8795071544439876,0.53114305641519
-0.5266182539233912,1.3022742788904902
-3.985549809658127,-1.4221792690469028
-0.6179276356177524,-2.6370750136296386
3.3913800378246535,-1.9437896522467561
-4.508773416424177,0.06595187881775476
3.8692647989345033,1.9699279496344104
-2.829990049553931,0.6099643321713389
3.455757526859376,-1.170977885949786
0.6189849625473964,-0.700751388995042
-3.630013530544598,1.1657491256235504
2.2302539943606257,-1.2687222837715018
1.020041539289628,-1.859312630736626
2.4314084915905414,-2.534951955514039
-2.928288972830004,0.14754979238597538
-3.801221829716156,-0.35763089423679867
-2.9039412389445998,-0.2980582374052183
-1.7198683240898847,-0.4800373200209661
-2.2159664024705514,-0.2991052452616007
-0.7096335075743286,-2.0011890745408163
3.840858553241899,2.0898410986198916
4.400085684193561,0.538565613452437
-3.3722641736352803,-0.1225462959496866
-4.283695394662929,-2.1806317267674142
4.062847085885516,-1.1350877946043494
-0.6266104242816075,-1.2091210295273382
-2.8997871529610038,-0.7742416760888465
3.670581864098839,-0.7624747919122918
-2.18875938336793,-1.9875456465726273
-1.777484088775853,-2.4490137413618145
-2.717764780769737,-0.719953514991929
-2.794780323363278,-1.6474317432960248
0.9229961617438579,0.807411838380248
3.9997550575970844,-1.1991661700285596
-3.001143850638512,0.5373633089213128
-1.892409715687174,-1.2679166765794585
3.9646600198769146,-0.14319067205699357
-2.3640588702121397,0.018922889023730117
-1.2304352502474996,1.9798835734244653
-3.8211107556180686,-0.06738447924016273
3.063352748194206,-0.9926420313546641
3.5256770343920123,-1.585394903931737
3.2097185958567027,-1.1088880254993403
-2.1313721534635297,2.436844792718194
1.0892006790116933,1.002852341026812
3.1926510378289192,-1.9802376985642416
2.4632450850717946,2.44556290303596
5.079874156514261,-0.6216938157633455
-3.620712829602617,-0.001072184936172572
-2.11813833517251,-2.7305857043425092
-2.604055007295077,-1.2477074044342715
-1.6332065310515305,2.238919728289619
-2.0092521527497897,-1.672955190164915
2.8955839066314364,4.206041670800268
-1.038766153176915,0.5799715615824086
3.4270712758283213,-1.9430466241190727
-2.28625276946081,3.5711800458070138
-1.1869663721987196,4.012435603159701
2.8568324368100697,-2.156130861517686
-0.8014556752057721,2.358538605386924
-4.32655745340162,-0.2111165123753113
4.754495787996137,-0.21456937519487593
-0.6851755727551431,0.42007325486756075
2.742197169987804,2.549170547821677
-1.342915687009761,-2.7753110736688176
2.786909897273099,-2.3372203495183945
1.4443078471974495,0.7458074926013466
-1.8679263471202505,1.392349988196131
2.7328376035055064,3.3553622830688092
-1.8628517338970745,1.0896439436700085
0.17501957409354926,1.8779277649405883
0.952126204660813,1.3848325014513292
3.483246360338538,-1.3533616353251496
-3.3535704126671586,-1.6524246526743052
-1.6304903933927037,3.4114709949789863
2.3033507375118494,1.0113207983692318
-3.0703013533015695,-1.1440093304448273
-2.184470492044252,-3.4857902138237757
2.7138869263050998,1.8886050020539231
-2.568271913589132,-0.9348200857129247
-3.123031237724676,-1.8066431473766311
1.9780270096280343,-0.4431906485159857
-3.0408482980345535,0.3729442474543982
4.302652254080273,-0.6986666867637712
1.5309717817765374,0.4758405293673825
-3.1019384130531944,-0.6849320078990968
3.839497299802914,-2.0030922252391803
1.8010171868056197,4.170936971264818
-4.016953978628429,-0.7635200561068313
2.7444007524828287,0.9011417372956463
2.489777438242092,1.8478023822578122
3.494809143047079,-0.9620146678108273
2.184800359770915,2.744151000596236
-2.7954387578101074,-0.305418511473313
-3.3274515557327695,-1.3560054847991716
5.221343558502448,-0.6828701374160041
-0.5047959981960467,-0.48015275787614226
1.2998682045114123,3.3724796798861987
-3.1056503430510123,-0.7606864430570909
1.7310764744512832,2.1193992126790926
-0.2321829619870076,0.28712730375144363
-3.7810003043395106,0.6595444327107443
-4.367336750212322,0.16770771473999352
-2.9613776340720426,-0.537094457245074
1.2982620388731876,2.8316626629450785
-0.8907173733190408,0.1652667575088912
-3.1403859334166997,-0.7271226521095149
-1.8696918523101878,3.1450368163058022
-2.9286664179655073,1.598795467388734
3.754412513397948,-2.4111135229123097
-2.184705439537897,1.8602761832416916
2.2737541727329718,-2.327341136136821
-2.255132741215649,-0.7916192871490867
2.307611080779544,0.3503988756957657
-2.5131324236554518,-0.7107874021204429
-0.3994340216339587,-0.5021688734100206
-3.7106732657817245,0.5692903083208756
-3.1374515802724936,1.0542196888434123
2.0853581228858284,0.6635225995071118
2.6585737308525865,0.7000418158462606
1.9335780327651377,-2.908134078004603
2.9458314569653954,-2.2214963159768875
2.063924081227376,1.3759391990209222
-2.5051151282779505,0.3968126205088851
0.17501957409354926,1.8779277649405883
0.07979599423956422,0.22844823542624962
0.9858979653150676,-1.276595201426996
-3.2086764222907127,-0.6686796987697942
-1.9044013945924683,-0.7728996567414782
3.4452153290494465,-0.3406936551846047
0.01918325982548021,4.1120814705191036
3.4002314419656794,-1.3916154425995826
0.10594912030399979,1.1831190287749176
-1.713574543097165,-2.2879653008381444
-1.930633896442832,0.1867982628783785
3.839386209021677,-1.2344710063715088
-3.7962592668089177,1.283707018312015
-3.796662074189198,-1.288010593053908
2.48825871212942,1.9917532854253521
-2.8077685218048885,-1.4809346604743197
-1.9070403077947626,-0.3827710609262202
1.9671984859599874,-2.55517548696196
2.1363725584365674,1.9843454151877151
-2.9673127146566003,0.6183497361438771
1.6617213202209487,1.158638958702287
-1.3727916149555277,-2.0807809821903565
-1.3007193049869719,0.6988827952972971
-2.5537127970533153,-0.05674346703667022
3.9319978425020112,-0.812433362962245
-1.4475305754129022,-0.5432262753549313
3.585718659983467,-2.430686146060045
1.4162520288633755,0.9793647694485139
0.25572075619500567,-1.811359298570872
-2.9133559153765614,0.06310377389386733
-4.293960431555182,0.865145015605567
4.138961898133123,-0.6396591539261034
3.834004880195873,-0.4561821505785691
-1.8097300891263985,1.156445176416622
-3.3899990964978755,-0.4636528920352674
-2.764859715529444,0.5865035113610965
0.6442613324870673,-0.21936398251900713
-3.6382539362123887,-0.434627408962648
-0.27785729810215143,2.884076421371186
1.6154963509008333,-0.07662256618416542
-2.945270494548851,-1.4338079017071874
-3.538568009506636,-0.9600380248561198
1.4473244010096795,3.2246221918156595
0.2524589170039183,3.3086312481508484
2.9134405222377118,-1.250165514092069
-3.1550963448357074,0.20272391201510204
-2.9000829924264915,-1.7344949283010593
-3.2491510831733468,-0.4674578148614711
-2.1702175251829816,1.0380833880824836
-3.333815193572897,-1.2026378228313441
-1.283761759804256,-3.0978881060229204
1.8616900708319897,1.5820483186585248
-1.946014306669681,-1.1638116547103106
-3.229483435103239,-0.37412696113329946
1.8765519607042267,0.7782210112004357
4.071612183457324,0.6490135475903371
-2.6066734224928716,-0.852956241500955
4.374199828471124,-0.2603662977642001
3.3183364463136784,-0.8709907846617918
-0.721608159335976,-2.220813422707447
1.8215803269691146,1.8481155744603754
1.1916408511338266,-0.3718324864138409
-3.039696247233196,-1.329818059013326
2.5532709541960603,-2.6432915058807542
-3.4288725885901763,-0.21053671738257232
2.7529318959216442,-2.4451528052801073
-3.7545237749443037,0.9688962267115107
-2.8319021657223247,-2.033717752864882
2.0683242507663917,1.207979934360247
3.067167412920891,1.1938832311608967
2.1914236284679327,-0.7355443118117629
3.194685744349021,-1.7526164588013853
1.4674947777635616,3.084765803945898
-3.3601743278857388,0.028204910580196817
-1.1814742138358911,-1.0487320456538298
2.9957669608699797,-1.8530731022479479
2.3497902663989723,-1.4187949093052306
-0.220926760767325,0.8237651015716106
4.47305397977499,-0.8313354871895552
1.2305168736794572,0.5311647248172164
-2.9223292098151092,-0.3830817844240182
-3.1403859334166997,-0.7271226521095149
-0.8275870862229124,3.390041116833226
1.2877416216949462,0.8664589263758181
3.959155085170638,-1.1237401625771806
-2.760699960815127,-0.3657382211888647
3.3519591993093814,-0.8942258071492722
0.8199014007157115,0.7347291544415525
-2.776274301966599,-2.20835790084594
-2.193722082340231,3.0636506705613926
-2.06570636520445,-2.2918494145695014
2.134765093655448,2.3075807376539883
-3.3149044167094526,1.2748440537821684
-2.687754934637117,2.0901794620096577
-1.560132929638292,-1.4290046769902744
-2.918306021273976,-1.135313741573345
2.117788982961515,0.49062193872546495
-2.602226397327674,-1.3571686266680938
-3.8486764957508828,-0.26354477910463453
-3.587546208761449,-2.264348653613044
-0.2662889565491008,0.44284159656149363
-3.417946786530804,3.91121859040076
-2.8183163545575205,-3.406454489416456
-3.0952776563192304,-0.7793304931236856
0.2939388895363177,1.404635589831748
2.416064766551099,0.9177605414524335
-1.3332282956171921,-0.6149600414346826
1.191889227871835,1.1168331969770164
4.341572198807716,-2.5570299643545935
-0.4283397901263174,-0.9561252557230313
2.58894249497024,-2.0475372340485065
0.17115537226143265,-0.9447454312590332
1.9662292444195337,0.27853985935431597
3.893120518566754,-1.53128560939982
-2.4131386516019955,2.125855029910904
-3.223564182369521,-0.20564916740215702
-3.0326864512437948,-1.393799682167459
-2.6338695233974003,0.6371911282965393
-3.2650161490237255,1.1519193490498973
3.2394331247635098,0.7134145478191141
-2.5165493053554036,0.9461653802437935
0.07697708945665815,-0.4480340340389844
-1.3623693269872963,4.165964272431174
-3.0098040078144703,-1.3162419413033344
-2.8640227440827912,0.6245206481837395
-1.1322972729064802,1.041423255413548
-2.602595023459355,-0.327950580462676
-0.3196748431155113,2.756133011419928
-2.6014387650826913,0.28635999680289914
0.633878676166582,0.8594896481165452
3.9477084468598633,3.2025445088210818
-0.3895648973382218,1.3498624311278222
2.2018996623413876,0.3907943525696042
3.4373904836474116,-2.0884254875104555
-2.2202678238295785,-0.6821455572938344
3.941538858055181,-1.6729294708553284
4.68004289305905,-0.32193846904155077
-0.2861925525124963,4.75651923511773
-2.7583458572262907,-0.8808111555041898
-2.481413888767748,-1.867887292379883
-3.775161052723343,-1.818052840310125
3.8139208741194723,-2.0924170537619373
5.1205117594499345,-1.095780710187547
-4.166222166136151,0.2254490951869716
5.2537555237836004,-1.4393421078778963
2.264119029249993,-0.3612071191322219
-3.205172320973337,-1.8714552591400337
2.3405351797888545,0.3884183660789006
4.0447315860014905,-1.4238830552966357
-0.1648172973915712,2.7860610801513443
0.6530917671264929,5.335855774657635
2.9863574406570708,0.6887222541312183
-2.678385482715587,-1.558478989448809
-2.0876357558735994,-1.7822403773002782
1.6232175343864716,1.047348376184206
0.17825870382856032,1.8787521966208762
-2.1113557251074453,0.04220275139832718
-3.407036039373448,-0.2005541009919113
-3.0005365875867485,-1.3690399245543645
-0.8461209233143987,-1.05774365432275
-2.751094486487272,-3.1263063807726668
-2.918306021273976,-1.135313741573345
-2.4582565339545974,-2.294297705344143
-2.6555849481406986,-1.8712283318590004
-1.4597277660850898,0.5634699276941403
3.7218828930681394,-2.0473756618485313
-3.0197932056974803,-0.2447415523467599
0.6914447054198316,-0.7090004901388062
1.955561084997626,1.1052757283252501
1.9563792504103943,2.3823168750611887
-1.9635450491440236,-1.7093939411916277
0.1725630298250799,0.06029518274516931
2.1579357828489245,2.778140891143688
-2.556811098985722,4.207283995698434
4.621002687625574,0.23118459615391979
-0.8732401609104646,0.8061060348230648
-0.11738924704795456,-1.6278609054106858
2.939887719056488,-0.852868669037257
0.5812413473841829,0.6726289209973647
3.197102447331016,-1.9155462226802353
-1.3538071024506777,-0.45926648868648495
3.754412513397948,-2.4111135229123097
-2.0575644704836886,-0.20202723391679595
3.2631731611893424,-2.54014371268841
4.07271428419783,-1.117850345571425
-3.2823718549633907,-0.9541133185684963
0.10157734953494392,2.0594602741988335
1.6709190045607902,2.4534285663264512
3.107094821562151,1.7761097089097155
-3.2602298422261415,-1.450768624055029
1.825086673723453,3.1601314759872197
-3.628746272888679,0.15559188995219655
-2.802399691621643,-2.524492365945302
2.037032550998061,2.2998440397831357
-3.3998205813992066,-1.4679455982266412
0.7948974143525676,-0.17417073469003463
0.5316593887345633,1.534940539103862
-0.6567002448686793,3.031331327629568
-1.9652816480264217,-1.2501628399074092
-2.1823661783688757,-1.387982337639678
-0.7040852215026132,1.6045675406942013
-0.8362736013153325,0.39084556384491886
2.7865854071218643,-0.8533386894306987
3.995899141514994,-0.2920897253858868
1.2555360399392517,0.33852218340906
1.4059500923108148,1.243998904583881
-3.2669804478700435,-1.7835602733559477
-0.37456679423652717,-0.2798452192226463
3.087893272435233,0.9141106294265559
-0.5265701535279634,1.308145890319417
4.0610537666203985,-0.17830997141654692
0.07219831033792268,1.3033611227956785
2.3913190037158265,0.6057856729504904
1.4126482701991927,1.1410700175871245
-1.7946894451523208,-2.5305795705818337
2.487020128895747,0.28702244584278874
2.6505498233897375,0.6945280232827422
3.0359385711238405,-1.1525592125829665
-3.3608177592416904,0.9202026254562161
-2.3276132071142106,-2.0704029486518003
-0.6387940697671982,-0.6926848317149421
2.061176510581242,1.6378729355141675
-2.0876357558735994,-1.7822403773002782
3.3891778568335345,1.9146480839470905
2.4233034018259048,-0.48165952156207253
3.5966560625394024,-2.0619996183055918
-0.9158132116362232,-1.7995163143467587
1.097204034219875,2.055989386263188
-0.9810936560010561,0.6455959468025358
2.4945330902354534,0.09671517046790472
-0.6010529122998376,1.9285558737653299
4.4883940434218035,-1.6542059024082105
-0.4065409009313345,2.1341445445374103
4.347775391944513,-0.9513719775065261
-2.824464885345174,2.005264810451531
-2.8669422025477314,-1.5901793651451186
2.578637911750503,-1.7006666699825284
4.439221363457116,-0.7459912805715048
-3.4002240556037897,0.08048857462427143
2.7837817027510616,-1.8811975643494325
0.527105990564909,-1.3193770543720422
3.4123447069395514,-0.5689815905114844
-1.7979900311573611,0.1638854882951555
-2.799279008641642,-1.0449503836260932
3.5601620770202014,-1.5089901878319596
1.3623171511104535,-2.1601274559360295
2.7337702127394135,0.39746939100114614
-1.1955435574653044,2.1447823974935347
0.3193758762518678,0.9570923694298826
2.3570008392039776,-1.2572774531466673
-0.5022036328304476,2.9943459945891044
-0.7125185078826959,0.26472728263164147
-2.80662150912352,-0.8058075177580928
-0.6492600671030033,1.8078583769820613
-1.4080945291766112,-1.6911076436785093
2.7574356828511393,-0.719621430601733
-0.175653281342461,-1.3253917908546424
-2.881310019337927,-0.009544856803412391
-3.053000199122257,0.27943027474537185
-1.0326927189977442,0.6916316408564289
-0.13748260303105403,0.34029903496775693
4.221397655911519,-0.7239675192485527
1.3879929663744637,-0.235098773718913
-2.730793878760277,-1.4909901756596673
2.9068537881934873,-2.439236985309115
-1.4029852290966152,-1.1703941729955127
-3.3658802924132254,1.42638099870879
-4.048364905661119,-0.7293122646461198
-2.756384788793228,-1.2923031308675006
-2.0870428775338503,-0.6376134799965428
0.7704719486411593,0.5848550369972554
-0.8344376282348975,-0.9184555638260777
3.9444083100070153,-1.7697610937363293
-2.16873499426975,3.100735250846456
1.5036393117936468,0.938894328029854
3.787818752029268,-1.2806909822516568
-1.9360983777617737,-1.7466299804341205
3.6371065253205805,0.6041949580064984
-1.9280449842022833,-1.6841033171480675
3.4953968570373424,-1.9313514669203014
2.458012554144335,1.187696206897487
1.5759839669374742,1.291656595944905
-0.0754678036883246,-0.5030929231307438
-0.2801195219886736,-0.886605560983551
1.010500107338607,2.102993401297571
-3.731193200812337,-1.2156477924079887
-2.81429584107682,-1.7919125766236974
-3.687137102045931,-0.4886865996717073
-0.8823827192549979,1.702228594687974
-3.7042777421120228,-0.27134471096851936
-1.7549486035955109,0.7488172973821963
0.07222409586350542,-0.46842289009791127
-2.75273901432578,-0.38244612128246125
2.4707677766226848,1.3436209260755745
-2.071891793998329,1.0780539071543926
-4.11070626011643,1.5391739443032926
-2.6242560205841463,-0.2482496350165098
-1.913206102637872,2.4401029555876184
-1.680707678584064,1.8263364948776537
-0.9178611011437092,3.0538496209656794
-3.1147696724004317,-0.5211439292639881
-0.909175663193428,-1.3727845080887697
-2.618063352656401,-1.1474596031679547
-3.112633994784528,-0.025722768149493883
4.64637987970875,-0.4600823004083397
1.667400691555545,-0.44375705289139933
0.4663080900115108,1.2916857956262842
-1.376952767501789,-2.838918095811821
-2.25239860704222,-0.1522399394379808
4.798527045177491,-1.760593168656035
3.4056887053410096,-2.07267093153017
-2.3957008929764303,-2.4929632191640776
1.6554730688575414,-2.549841355617099
-2.757681699050505,0.16342283875748664
-2.3332053784749034,-0.7130655539877349
-3.824074685478879,0.05501197003081547
-2.6017831263381326,-0.25874692522904075
-2.575241430832988,0.8338467246718402
-2.6415061052304347,-1.1902780907107102
1.8254760056858632,1.5377221207227616
3.113383815215295,-2.0387311055730355
0.5160185064703717,2.0507258843689633
-2.5743915354020896,1.7242120553250377
-2.3224823805152455,2.080617560073233
-2.214918924374201,-1.5259245124636545
-4.099927701171173,0.27280409564723734
-3.086524138169468,-0.4917349665900843
3.3689517929578185,-1.2549918169559142
-0.3480514925176856,-0.9228013108624774
0.702079330440293,-1.9058205233698475
-3.0040692830532953,-0.9674567154392183
-4.293960431555182,0.865145015605567
2.4752277081265857,0.9298395598703127
-1.2594178872104453,2.5474830545602707
-4.4395071411768905,1.0796494609780527
-0.5767463575537799,-3.590642643692175
-2.716001039008687,-1.3775425243073893
-0.6387276127721229,-0.21168812932765182
0.06507115680809152,1.1470813486674147
-1.268895852956688,-1.7147140439717592
3.0331837511555553,-2.1942278547792795
-2.7646591429526577,-1.7516542308528464
3.4455638108522204,-0.7309618033957945
-3.0731424360221133,-0.5966818127417408
2.5809597132499436,0.26316094682360175
2.746707967927474,4.2487622688608635
-3.2854735770948986,1.916265570162932
-1.7545383112062085,1.3694368843306797
2.716216583546907,2.01269903006306
2.3870005401167753,-2.6071852203742645
1.5759839669374742,1.291656595944905
-0.8210251164404554,-1.921607422096874
3.5648066752671785,-0.7135260033985794
-4.257174942092891,-0.2545305894326654
4.474643008724258,0.9212898243167222
0.6059137040852172,-0.4607686371362594
2.1693775257231134,3.3338481989062942
2.4091719690294,-0.12244626072748574
2.416064766551099,0.9177605414524335
3.5007016837198206,-1.479140509718156
1.831042916029636,2.668421871523002
0.6216024186327946,0.33648134105050903
3.9301842940189076,-1.2500011543489407
-2.2571985907475405,1.9968227980630633
5.875857965128515,-0.23730673622557968
-0.2196430055418591,-1.397084596047047
2.831669916309159,0.9853192309644146
0.8791684441435857,0.7620006187754053
4.937628754451579,-2.5577784259874203
-3.311060195012609,0.01352470882639183
2.6656725212376804,3.2729958258405487
-1.2067283383709915,-2.7881150289676686
-0.16116079899831978,1.8661953157704683
-1.3544927486981126,-6.416141089115005
-0.9105007013960015,-0.332784374444321
-0.5047959981960467,-0.48015275787614226
3.1350607433138804,1.1581932213617443
-2.3541666601453204,1.943949720584024
0.8602470483690577,2.1286413648092077
-3.587546208761449,-2.264348653613044
2.5692068204646565,0.14338666327901645
-1.7731124976963257,-1.237136613534967
-2.295587788215283,-2.1355079178020304
-1.8933844500875443,-1.505194484820269
-2.933902923088239,-1.4450138837709317
-2.867745940204158,-0.942351952137205
-2.877280532080574,-1.1208787345788616
-1.4485562624133548,0.028098105415614298
2.4441122285909462,1.6629258899660166
-0.16270800679341194,2.263154470778814
1.0356230912330049,0.7473142403112796
1.6306090533661146,0.17860573300212007
0.8199014007157115,0.7347291544415525
-4.213789958111928,-0.9849693389063965
2.400321022278705,2.2593164515229303
2.207754297042074,-2.7989893000893358
-1.8220854938280948,1.3703985792336248
2.5399002543714815,-2.1130218295855254
1.857204132094279,1.353239326707786
4.568701450809637,2.152652256482515
0.5117866000708442,0.1849132810415393
-0.6634707330821953,-0.39535882580969245
2.7748355440970602,-2.626859945807615
1.5633357426975578,0.43434733710200774
4.364011052144063,-0.6620670206601657
1.9939341384571483,-0.7384762928730756
4.1261061019330185,-2.4212926816738043
2.507182694000728,-1.8882451128171305
0.5345583434386076,1.9514307038379266
2.095112727510078,-1.686164195857352
-0.7573053310140707,-1.040945163891971
-2.3175259489509714,-2.478408422224113
-2.480978980234506,1.090833303074363
-1.2781237764079652,-1.1001053843527673
-2.4687977083990575,-2.9871824171073786
-3.706533635180978,1.3191648992068554
1.6169026744507444,0.48869270322716013
4.147274107710146,0.1718464146767122
1.4293054266640945,1.2137181550448595
0.6958644327074115,1.169720772146831
2.0318562440160877,1.5076354571398403
3.994809386838585,-2.6338201620755957
-1.4083292271371013,0.46415573775627084
3.067167412920891,1.1938832311608967
-1.7504359949947215,-3.0869314555314586
0.8042428582928276,2.266915517732947
0.8326467769392218,0.5108682439854622
-1.946014306669681,-1.1638116547103106
-3.4430398596777114,-1.3815562205606784
1.854852185712054,2.1501710578422526
-1.9315226943580017,-0.4758051150427924
1.8176989911991965,0.03677044569935483
-1.0501024591120995,0.5826686432121821
2.6157589949948092,-2.049236369016927
3.5274622830947444,-0.9751266393981497
-2.884467721925314,-0.35901430816840807
2.0085221154272417,3.418242204837786
-3.520994719441588,-0.9520222898105873
1.5944809558072783,0.47364046262815784
2.2022431852994693,1.225554492669616
-3.7918151053179963,-1.4189340009274254
3.1384919300287315,-0.9161174051274376
-2.949382416247972,2.0321394399693755
-2.0092521527497897,-1.672955190164915
4.343434004475431,-0.881984998696146
3.373927327261696,-2.22937006007431
-1.6947536630801856,3.733027741756877
3.71390030845233,0.3350981816151108
-3.8462885217498686,-1.7525116718188447
-0.9830976759415323,4.298768436026946
-0.019159719072823034,1.7701819253011624
-2.435202179495243,3.5749242950501645
1.5533876448814532,1.2279058471130495
5.062108928205271,-1.3071675096605349
1.9364379788297397,0.9960619365280159
0.7154301169476786,-1.5764094797173513
-3.4656896673774495,-1.5130756510931014
2.1812493982828265,1.2213922095733574
2.643974338729303,2.0354586538038184
-2.8614806879923385,1.1419339802480508
-3.3131731791690244,0.96957543616042
-1.913294365705709,-0.4620381525916048
3.3656352664938516,-1.1524270429515713
4.3412173913375485,-1.3961421481274634
-3.0781182172791874,-0.8206992066402178
3.352211752861317,-2.386302024886927
-2.668035962231092,-1.5293638412505945
3.846852158555157,0.777076449475032
3.6289134004083845,-1.2860142259520055
0.7731088782675231,-0.5982917176974919
2.5692068204646565,0.14338666327901645
4.415091714081135,1.2855552288346628
3.4422690720517335,-0.8302826855420685
3.230783774197251,-0.06766150638609415
1.4955853794325218,2.550160749318693
0.7959382318211571,1.7327831970725593
-1.746027393120646,-1.0764061772226623
-1.2030572906595114,-1.409542801136417
-2.4576821604127854,-0.39683672955071975
0.4584022986758344,1.663300504994019
3.4848083162889867,-0.9985996461544483
-1.6699990412837,-0.9970964963180958
2.6248754274599206,-2.7908894549378633
-0.8755635486471524,0.4570776151511351
3.1942680546894704,-1.5148467364073561
3.845782408326034,1.5045861978632968
-0.8151067853135461,-1.6137284344765503
0.14010737588451763,1.5784712790173303
1.9945092693524684,-0.18961133945192168
3.506602605810897,-0.4590382428082201
-0.6884253226897167,3.9722552906871376
-3.281257199705326,0.8599664272863161
-3.1613538411010143,0.8881044986057688
-3.5760105266680884,-0.4455565179195901
-1.8713386286802318,-0.6442150605012056
2.932236827046684,-2.6296389516568124
-3.01234187546305,-1.0953664451032903
2.6562735121952796,0.04701692029407573
3.1921303975764133,-2.1195431808117973
-3.6206186236964473,-1.2340698222221642
-2.8950584160151616,-1.8601885854810687
-3.1353706245510873,-1.7885657556393326
-2.8243385839476898,-1.1900643166852674
-2.9284186821474445,-0.2814885808487305
-3.950799221722909,1.425997923016825
0.740718229130727,2.48417808834529
0.1330348421343619,1.9454187253292858
-0.8154643655384289,2.587658587366942
2.7763111834663454,-1.5427430885981444
3.383756623145657,-1.1371462675223238
-1.5664421210286439,-1.6911275874383362
-1.2342146903172544,0.6237375423697351
-1.0995102991960048,-1.4291137908684295
0.8045025038715992,-0.5533757983121217
1.5502895581898049,1.8331668982763927
1.8636414967571244,3.3444418187530864
4.020634777225371,-0.38104361864009184
-2.8749455143862357,0.5295082645997473
0.9598943807890798,0.45656039783621605
-2.811753696950526,-0.9400221970662996
-2.3150217718393535,1.0243755210582386
4.3258898034189635,-0.6561222877873912
3.339036315225121,0.7197830386066834
-1.0386590764204993,2.8945393321397663
-1.3630925687546946,-2.950215765448807
0.20604418675579292,-0.07688109146094231
-0.22601206765588439,3.0061869693354417
2.7234624801334153,0.05803447156029887
-1.6764533119774458,-2.551876835220845
-3.033135044247847,-0.14938631193779395
2.187075181409768,-2.068147065672458
1.5443875667676426,1.8271697875496484
4.242565511911924,-2.3768545715397775
1.1291902446435644,-0.5211911367100165
-3.7482186736388226,-1.3276426944874467
0.34894614208621966,2.2815366446889733
1.799621821290303,0.5750817611804475
-2.9576444863317946,-0.340702559404669
3.8735398008762867,-1.035918480075718
-2.887074288036822,-0.5092572093230646
2.1588408385989997,-0.7635354478360791
-0.8344376282348975,-0.9184555638260777
3.6371065253205805,0.6041949580064984
2.865303814000944,2.380954477162166
1.4627003872520628,2.2229426080188928
-4.36484312205972,1.2471200477173203
3.027012330439402,0.7836353550319648
-3.185136903891512,-2.1953234214086343
-2.4228663047077657,-1.0314277626087498
1.7258324496469197,-0.10380296943535834
0.23367476848295302,2.027861795074365
-2.933097109668972,-0.6678786941268864
-3.765365368221093,0.4325526848857012
2.410954046070678,1.6470205461766745
-0.26040577112801855,0.9431346494841808
4.311664154976477,0.03668382300939908
-2.3848270013137727,-1.7526970004217028
1.5480727995052228,0.47272804793763584
-2.8139387211758793,0.42159682065403103
-0.605645056575785,0.2889980356403482
-2.6656611789428104,-0.15199540801467576
-3.1257530606141763,1.5540708878692941
3.1010229820273882,-2.1056818266335715
4.334374795227685,-1.491985879431175
2.6284870151339237,-0.9063113727696328
1.5940961152971653,1.7292328011212896
-0.8138341039373637,-0.5372457427376851
-3.3935501100900525,0.8391259851044548
-0.21412076802158017,0.3654936641180677
1.1109804008811135,0.6582749674536361
4.742933995458926,0.043693223596293004
-3.156424970075665,-0.9071417510822176
0.3128045286164961,1.4336391920895843
1.4843929405361784,3.56083428308071
-2.6469423100361857,-1.7703393006785715
0.6269623853103556,1.9688623601131379
-3.69860496325678,0.6002685193876898
4.219339634679569,-0.9712842644454881
-3.097128669003894,-0.4832653964829139
-2.0728494923816454,2.7321057645799205
-3.149195382719343,-2.9420656445104334
-1.3356580542177279,1.829363521483304
-0.4679262739588329,0.5835063847527897
0.3525069539518579,0.18592612528403346
-0.023864622038044972,0.787107011959827
-4.279277872331469,-1.0419167644401277
0.3322202743413055,-0.5665711962418918
-2.6444443261609294,-0.16289638630482473
3.624882566992842,-1.346608957677151
1.8052450703094534,-0.2181333934435697
-2.927503779392927,-0.05121771510116669
-2.496701080530811,1.083588076302062
2.475815650347869,-0.37651814535773026
4.161033445030938,-1.522971727532074
-0.6594480295861879,2.879714289292465
-1.914487238745795,0.2566992671253363
4.523332879749313,-1.180747506075398
-2.690380465655999,1.3926301803076566
-2.336846769986422,0.28125567426709785
-2.648620140431089,0.11077016033879625
-3.8234509153395506,-1.8359997748567225
-3.071194017184314,-0.47565207710245827
4.364011052144063,-0.6620670206601657
4.005445165069169,-1.7840272266936288
-2.364021236980346,3.9025916256013558
-3.163318886299272,0.1918172348740762
-0.9097335498226252,4.304286670046191
2.6433825680813055,-1.0588999732050706
-2.4042015847096376,0.26343134491819165
-1.2006403285699712,2.52780630340105
3.586193449185142,-2.191901848235962
-3.4846097929346382,-2.0668521982918824
2.7249114301035924,0.9353476235834227
2.0009134526990033,1.7813203472963468
1.7817806483775132,0.2931060455931836
3.0451483681133635,1.4234900878802785
-0.16749572526507964,0.6100868334108619
-3.0071025967523943,0.847319707481517
3.044278862875047,-1.3067060922022222
-0.8382913517717477,-0.031604039909710474
2.4301698332583004,-1.7416274099908151
1.204734030902856,-2.228970127412663
-2.006089747234345,2.4865831218185996
3.4405989529442267,-2.6597879201080827
3.9048809894638574,-1.8142685143063186
-2.8136250037509463,-1.6187109677358944
-1.8722950604799165,-1.7980050021827103
-0.07015018324143224,-2.7219511093806013
3.737531954974269,-1.8748059001782542
2.9903455392128233,-2.20431726780089
1.8647421069005374,3.9208410081590173
-1.4424178166559378,-0.032910909748206374
3.8593023310552463,-0.5834361840276621
2.4280904208423193,-2.077961428460696
2.593589287190242,-2.094230974132084
4.221397655911519,-0.7239675192485527
0.09669649259209696,-0.8084885736349453
4.546171280892356,-0.34063445820282334
-2.532920859745655,-0.921292516243399
2.855012714522218,-2.5217083740060007
-1.7358752262371755,-1.0264430152049997
-2.920768909099503,-0.5142496966220347
3.6558540160713227,1.1443884872244938
-0.019244863034654624,1.1497445957784815
3.3759816683589428,-1.899239985374845
4.047552480402005,-1.6813058667586631
2.58894249497024,-2.0475372340485065
2.6683466625445407,-0.2875314014754831
3.300807091148482,-1.4388665277783448
-1.283511721888198,-2.697898500070881
2.460523950253527,2.962602214241191
-3.0384128866681843,-1.1305865455546342
2.6248754274599206,-2.7908894549378633
-2.7136255441807573,-0.3858601300327715
2.362856091766408,-0.40362573727392204
3.466214942631402,3.4117349824953793
1.890611255819918,1.5079127349442012
1.736021707038503,1.428338777738495
-0.049384997228995524,3.4149746852279184
1.390887075444656,0.9740525982440528
2.782385080617488,-2.3767825839507797
5.140209626234049,-1.6899380111125912
-2.2237595169810103,-0.6005759470633119
2.872236288024235,0.21871798989787256
1.1825231195354715,-0.23833013941695724
-0.45193156921417166,-0.03830664388868244
-2.0372049964127994,-2.0837219171166392
1.0672964608469815,1.1029514503998092
-2.3371240294808935,-2.3248932867179297
-2.3885116864128233,-0.1531657587234429
-2.299592561601829,1.421433149062299
-2.141304912511041,0.4209146586830154
-2.7647287090455634,-1.2988188434799923
-4.027459857898503,2.0066286670387354
0.22480916172634732,0.9271102887107943
1.1867983271116307,1.7374859180073656
-2.414182819735981,-0.5636071860289551
-0.30731096293534166,1.3168224621116138
3.0020270438406387,0.32963306220547484
0.8506532543731948,0.7147047239429787
-2.3903222200863894,-0.4448667156732423
-2.0666965417159613,0.35458791230925796
-2.215427902289187,1.2752599098929767
1.2993045256396276,0.7004066567406426
4.6301943882542504,-0.9972849717081671
-2.345000246712948,0.6037143151431092
-3.1281608486528856,-1.127864932921717
0.042121208986108716,3.750993755537086
3.1440015563760673,-2.4711032378831317
-3.7796614808798576,2.3529342138551805
-2.8053507617039415,0.6771983832503884
0.456940617503701,1.006743701101766
4.268601073669493,-0.8480707168973546
3.7475833874555557,-2.5930750311079165
4.468849209889119,-1.578669720869775
-1.6947536630801856,3.733027741756877
-2.8430296937091373,-0.02330380283627937
1.9623884885033094,3.0956730981232874
-3.154910363418011,-1.8715223237100156
-4.373511294524172,-2.982610170950107
-2.373452239397409,-1.1860694036197619
2.4632450850717946,2.44556290303596
4.0540544668569405,-0.9133790583713723
0.6298392142456626,-0.2771000887490937
3.831136252719545,-1.4394568311245461
5.0956326501008276,0.5235014596317261
4.144039414615145,-1.1429504275407423
-3.1884386252326267,-0.5716903971186701
4.484645327580298,-2.448760714912062
-3.4466183732031204,-1.7458928940698917
0.09716949029802081,3.4904423286078132
1.545646175256618,0.6376985889023795
-1.8789849345487355,-1.25030724597415
-2.4687977083990575,-2.9871824171073786
3.846324701102797,0.3023887554901213
-2.928288972830004,0.14754979238597538
1.9552892213631359,1.7568498612034757
-0.4007350229307701,0.13666174974362655
2.1960188837788817,1.2270514499798957
3.8216771119931314,-2.2168450652585054
0.2469774028623032,3.3943962252640945
-3.0026032375024685,-0.16399654618194132
-1.1724581474328968,2.037148668947757
0.23651546313058835,0.9955939234956744
2.3666694792030767,0.8807450309569181
4.3412173913375485,-1.3961421481274634
-3.3658802924132254,1.42638099870879
-3.6022026205532787,-0.8645889069581809
3.7460145949717845,1.6421929533126536
-0.989676648569744,-2.8009864311991004
-1.904243716442673,2.798969651316583
-1.9136861489803902,-0.0737733558607498
-3.331049297532344,-0.1851314637802713
1.545217559275001,-1.8658881392681008
3.530136437066587,-1.1345699997643193
0.5905819007110237,-2.6463459993884104
-2.786263712791426,-0.9972055865689576
-1.0483933283728686,-1.5208153416361747
-2.279242790976406,-0.14933378939436992
-2.4480552096851294,-0.8275153741403124
-0.03201676360470553,5.314519628134452
-1.9452645897137797,-2.2556842127139154
-2.800057784550206,0.08218448754636193
1.3441799085071187,0.7832414203657421
-1.4795001326762947,-1.1013029174461157
-2.851021579479171,0.19985473979610668
-2.591937646644161,-2.216296821116922
2.674640071090772,3.3865664851333626
3.6988817293634746,-0.44672150566529195
3.695920718348123,-0.23025917697038117
2.659611531837703,-2.1112294020364857
-2.676418116418536,-0.9835604707493001
3.6455147471344436,-1.7255214337686833
-0.2875154789849409,0.4193826851510747
-3.046262840073057,0.39542273969429315
-3.0556754438628677,0.679675319243057
-1.594422959568638,-1.9613484313848306
0.8444990218027597,1.5435896627285672
1.5845558191988933,-0.37994182194057613
-3.526726588532394,1.4752720879198522
-8.185035521457543,6.516792151255088
2.758319324988422,-2.1626585134539535
-2.4857205136536673,-1.8538408984761823
-2.0232370853824144,0.4635482391968161
-1.5561380859709033,-1.7635378803062158
3.346522007001187,0.3812701779056889
-1.168713941670484,2.523079158049098
1.092916613069802,1.933913704717202
3.530136437066587,-1.1345699997643193
-3.802545885012826,-0.9402693264588265
4.384111173609666,0.6299903086299736
-3.124155412972771,-0.09940873152576958
-2.852972242378566,-1.4437774992613917
3.1734329108195984,-1.4707986827745887
-1.1373984930676466,2.095027876112308
0.444492707630345,-0.5555392011418799
3.606293957301411,-0.29377869486466934
2.4622782342730694,-2.548633742150128
0.39313448131237577,4.139226822357285
2.3408964646399135,2.1104066631960094
1.6207411507766616,-0.11525511520101284
-2.980480337498883,-0.9117190421869875
1.4581818337073487,-1.3628688433120568
-3.8365726957797848,0.8475022378797645
4.368660013707562,-2.203703709988807
2.598750129480639,3.6910092415116154
-2.6343675648098213,-1.428714280931656
3.3197159644670955,-1.9427878191496004
-2.7136255441807573,-0.3858601300327715
2.1345004067949866,1.6264325469868277
1.4841308634130745,2.3960553696695985
-2.420138613629537,-1.1098140319619714
0.9375216960641415,-0.4692122846722625
4.800606580590639,-1.4625327132012333
4.660187512389708,-0.8427080756671438
-4.110192865864453,-0.22726924342455104
0.07279141814886296,-0.21983885798390754
-3.0077483021965654,-1.4409333046200523
2.1413271264405602,-2.1101503608675114
-1.0933739460191356,3.023719757984555
3.1689411316248304,-0.6730559408683755
-3.0975992488370028,-2.9301323317157
4.081223790170922,-0.7657057308300225
1.358271341419777,3.2811252346486808
-3.9444799614267176,-1.0325278623816498
3.6418051511293235,-0.4002835634995714
-2.9069292559911504,-2.1820913153385733
2.7624993695603797,-1.9309239934870916
4.181611704919331,-1.4203200946755623
-1.5724969477727369,-1.2168417271518561
2.578637911750503,-1.7006666699825284
-3.3149044167094526,1.2748440537821684
-2.000369428399581,-0.4356424272495275
0.7826653388818016,-0.7838894737976329
1.764341887020401,-1.6726276303493053
2.4658102826812445,-2.106990746511872
-3.419717878795043,-1.5489255572766687
2.1582759325122924,0.9476950147554691
4.554733446246443,-2.708181610845546
-0.05269534568698972,-0.059600829446174425
-0.7890461580958669,2.4043438177781993
-0.35905315648541863,-0.263816682656067
-2.4780158787328377,-1.1513616877714707
3.986355812966111,-1.453611386283884
-1.777535053675117,-1.8414642712544222
-1.9360983777617737,-1.7466299804341205
1.4070916059303498,0.351727315026126
-1.2606761291355497,1.4773667841356117
3.016154664362116,-2.0683031637704024
2.710898945849367,-0.15320104621484243
-3.3497279473612145,-1.546975858082654
4.937628754451579,-2.5577784259874203
-3.2944425876675885,0.2820344282389103
1.754227103626346,0.6045364844541959
-2.143767881537009,-1.3523776782958756
0.7429863397679839,-1.5673338562068089
-1.4471333213288553,-1.2052438717933114
-0.005083442808715144,3.2856324371276884
2.056775064990642,0.22919924053153218
-1.8544097470383332,-0.13603574365823728
-1.5034019705102064,2.187196684982001
-0.9457531586745244,-2.192053850990468
-0.2809387595953466,1.2639606749933208
-1.5958342814549977,3.6110136603373344
1.1831926288249968,3.2778409803671966
-3.1967777802275394,-0.6405434047911794
-2.648827696901894,-3.37941296056772
3.3438306896417287,-0.25376980283482786
1.0326804254927358,1.2811326102885516
-3.947404827125097,-0.8459226804760362
-2.3017616520281114,-2.381626813992443
3.6164065160387677,0.83738383505377
4.294143030457112,-0.49254121726444117
-0.3183510709169684,-0.023924481804897174
-3.3302438240335017,1.9821951433522411
3.7948333923198763,-1.540663845379603
-2.400339309456677,-2.108024960052373
-0.22025494345115615,1.110348879493167
1.1671031040002686,1.3130329409242876
-1.90006021450898,-1.5017903332089804
-2.740008791059529,-1.1452734753856912
-2.3032694160987885,-0.38921913387850465
3.6782605321402,-0.48914990204972303
-2.572902414906476,-0.6839210965969081
-1.2414861124955294,-0.5734981559097284
-0.5355474264279362,5.296497509052828
0.03609334971440172,1.7001101411206052
-3.0030704555311556,-0.7481093697854595
3.227089702312148,1.479050171920564
2.3376936676398143,2.77732496702745
-3.624840505381914,-0.9194466036365404
4.8213176798343165,-0.6161146927113802
-0.17699165062179753,-2.2991008196377947
-3.7070078991096107,0.770034026185538
-1.132664749702105,3.3971643232762254
1.8647141278476007,-0.4892087375345207
2.5953787484024944,-2.6175146382827874
2.3998451904523947,1.5399615206145538
-0.195373285637541,-0.8967996683260949
-0.5355474264279362,5.296497509052828
1.0863448199592431,1.3082186653387982
3.2756145589456884,-0.8575164261078029
-1.0046942099631468,0.15130036258734525
1.1302902438838984,0.7702349609821313
-1.4548467339532272,-2.3369634306195497
-3.801620916364027,2.2278374411168107
2.912973663833515,-1.4270614864295061
2.9438497666894397,-2.395298664745691
-2.507923689035652,-3.262763878202804
-2.4582565339545974,-2.294297705344143
2.901354040965272,0.19557837758443503
-0.08476829217205233,2.2985933468847017
-2.8216660803551576,-0.002748929572431102
-0.7968761984845448,-0.3542250665986273
-3.733800866091558,-0.030185670781930195
0.7417240922572378,-0.6332411525398832
-3.1642395272800643,0.3067209454384209
4.420863814086158,-2.303200668988819
0.40212742186919026,2.1854962989931734
-0.4487258595995911,-0.11258873289749662
1.8402349781535952,2.4969719429172335
-3.231325906680887,1.1446855876610202
-3.318433587359496,-1.8866891069562106
-2.931522802900624,-2.166430342344775
-2.914884130557737,-0.7970062446592334
3.2809390163828946,0.5348934022500872
-1.578057088692681,0.5585275219338777
-2.897075418097169,-1.496401370490243
3.3507090377087363,-0.8689505581131453
2.9692986125518375,1.9110313493759985
-1.2080111503263848,-2.3264864971559565
-0.7375098948747312,-0.986685565571423
-2.386450814940634,0.7174676165055587
2.063924081227376,1.3759391990209222
-0.8151067853135461,-1.6137284344765503
1.9655013775667944,1.5275227594583105
2.540180126025451,-2.650624354037362
2.2076215579232796,1.828262620795708
-2.040627486311259,0.3316362284689579
1.1646402701063283,2.4808504123481296
-0.6043900252005588,-0.8391924090381038
-2.9613776340720426,-0.537094457245074
2.805118307265169,-2.0751981164561704
1.226254013039123,2.8212478908049894
4.638113710323594,-0.9072352817992143
-2.1459383136366474,-2.1802434206636403
-2.3785551276695864,-1.3189147415668465
-1.8746857962059278,0.018359169542420044
0.10543393636161352,0.6974188017997218
1.4820297923612438,-1.0816933003199825
3.564395834070011,1.0081719245771925
4.06868619078529,-0.7866268090820753
-1.6150502467017398,2.1585841180014174
-2.678518713576392,0.9361009473965488
1.3312230263752938,-0.752139179461718
-2.901805987463936,2.763001870045649
3.893120518566754,-1.53128560939982
-1.8393775613325558,-0.06664574804366456
-2.632357868067338,0.8442178180458231
-3.247845684048831,-1.3088245734984714
3.3645727323971495,-0.5033790167282745
-2.659975056934027,0.5030544708351049
-2.841455537152793,0.6662504164282474
2.4659687094304683,0.3832110177928381
2.783365573900992,0.7917325168857523
-2.1530935731624794,-0.7458871640814394
-0.2306262342988781,0.630300956773358
-3.1807854271738365,0.8313354585883541
-2.6327690983385486,2.6325139065473797
-2.4917516983064347,-2.0635421415457276
-2.2105990047380413,-0.8640614148210749
-2.933713959804941,-0.18081037574036202
-2.611479921091336,-2.1190045047529544
1.4002593559753829,1.740110835734766
-0.7528379396054998,-2.1302783247276627
5.016002541812746,-1.0913045054468815
-3.0005365875867485,-1.3690399245543645
-2.3338970342286203,0.941716023012859
-3.1456302252997412,-1.8979972243284873
-3.1769528518854044,0.2450325048221639
2.984116005785554,-1.1621435901474402
1.573245400570796,-3.2873538179049038
-0.9978574480928499,2.1609118492756036
-5.486310324723286,1.2642218554833462
-2.856927983340485,1.309541462150936
-3.3994338984393266,-1.5731571545614222
-3.6884207537257416,-1.6521659653007232
2.503763960172674,1.6332353683807321
3.190367242005758,-1.4675179783349923
2.225888458131707,2.361386176075144
4.179387535683835,2.819609266511623
1.357333677524918,0.45733639870485215
1.857204132094279,1.353239326707786
-0.7042516805696586,2.9930963703387308
0.732218587107679,1.4564484801357365
1.5410961711405347,-0.9006317616146166
-3.260174380065029,-1.3476697727189177
4.6757300494784015,-1.2764368299186393
-2.980480337498883,-0.9117190421869875
3.9092480164837067,-1.122321974596933
4.9578618208511696,-0.4797363899826092
-3.770009334849226,1.0901016085438415
-2.685476026307616,0.23115240309854676
4.554733446246443,-2.708181610845546
-0.2603720285472869,4.9776235746091695
-2.606309198265252,0.26192576244243565
-0.6570381929468255,-0.4098712804859219
3.5177633714321592,-1.431720479825748
2.265984548471838,-0.3034229005516175
2.0877664560236324,0.859600422872266
-1.0671048499822782,1.8651281578921968
-0.7075751691080779,4.332765514550208
-2.6545152539161934,0.6151367420840905
1.911395751849591,1.8215344749879818
-2.5371299337638926,-1.935929928855409
-3.3266101273014668,1.660700642121388
3.9879478169760207,-1.1754176026602592
-0.5550560615010363,0.9267149096508691
4.110566670999968,-1.124011123554457
3.6323747529192913,1.879453448719809
-3.7645559058298224,0.940246324089337
0.7289009771008811,0.8628190557748959
0.17997783970683523,0.1843739943032198
-2.609902847302965,-1.2838037589678175
0.864057396525377,1.8459162457672815
-2.4781823898786124,-0.6685012066803381
5.0969851953487,-0.8291393017171632
1.9970178400002556,0.7490718759602061
-2.7408019041065352,-2.199647877495189
-3.1019384130531944,-0.6849320078990968
-2.12349355383978,-1.2866489194091144
-3.743287361785008,-1.0032758647651698
-2.868545515217523,-1.0789015753489979
-0.5360357870393317,-1.7065992034726083
-2.7283453036202605,-0.7578102513692043
1.6414746020677995,1.9804514812017553
3.5855277047881065,-2.0182089301237403
-3.792521634642283,1.0349362726517755
-0.10432200941047959,-3.903477849351667
5.140209626234049,-1.6899380111125912
-2.1110208703577342,-2.2791719038180958
-1.8293997220474174,3.005339866955619
3.4771460744448577,-0.8137947799052633
1.278087342479706,3.0136240130727705
-1.4787083980520312,3.337828565709678
4.600090179508663,-1.3863367946458884
4.322884755345608,0.6904238870445558
1.9449755779885953,3.4967359353824685
1.69909641492595,0.16298397029849304
3.5672347748619004,0.217739365014277
-0.6261737037780387,1.1993126781816907
1.8904818409578452,0.4918254398389297
-0.4790693070631912,-0.6075723601060266
-3.618437994676926,1.6632681666946698
-0.01756055880243022,0.1928555926554728
-3.144061515611852,-1.1227115888298744
-2.764859715529444,0.5865035113610965
-2.059444264630188,-2.480487097990102
4.578023553898214,-0.4272408609649405
-0.3146074996054837,1.1471312716235593
3.4764509545091644,-0.3214432596412845
-1.1698395616699095,3.3124658904597264
-2.922432604748718,-0.34615708533990724
2.432399331068423,3.0076287055778343
-1.7363416777640586,-1.9911230339926773
-0.8697935188515851,-1.2041127045997004
-2.0907367782058794,-0.7258619516851809
3.124052664831499,-0.3155638802332378
-2.1514845838056518,-0.7299470316271461
-1.6853829675493435,3.3038003531539077
2.6469554016605334,1.1260000763276745
4.621532842556912,-1.2304683558770475
2.5111383620244423,1.6353308549289733
-0.2319869907241308,-0.028438404929812824
2.7606491861135076,-2.50531517858593
-0.8084167769137436,-2.103432371710267
-2.494197904839633,-1.6986774100591153
-1.1148307987210124,2.1634274822578448
0.2689376605378749,-0.4542774725207006
-0.03558651334989307,0.8357457769674799
0.39313448131237577,4.139226822357285
-1.8103488836712878,-2.3541345887331704
-3.399011929836664,-0.9070436173819482
-1.9315226943580017,-0.4758051150427924
-2.7172633595052385,-1.4590346993172667
0.900330228127183,-0.5672774948483201
1.8335181677142,2.0266041599482345
3.7948333923198763,-1.540663845379603
4.034330063074839,-1.0431275301629874
2.757886707781797,-1.5880424728624984
-3.3615217722618773,-1.5166931401538444
0.009080071250709565,-1.1828601024455219
3.6837119290394003,-0.325184055126127
1.9301919371484753,1.4770716207698935
-1.7414836907201456,0.18081259502295854
2.2981775726741343,-0.8841246404166487
3.433699870128901,-1.4869085233696386
-2.61447567853655,0.4817285461816148
-0.41696230244299975,3.7130727353892428
-2.6055528302317086,-0.5382998885389592
-1.4190197056285947,3.531712237749173
3.2583641795901888,1.1539484329866783
0.18112805178404448,0.963484514292035
2.1288440952663827,0.2134544001257878
-0.005189581224386776,0.8714135875094887
-2.8401857863502755,-1.4180965207442737
-1.4083292271371013,0.46415573775627084
0.3082414214053648,-1.9746515335595634
-0.5427691308575939,-0.5823603904025535
-2.564388891611238,-0.02802836375725061
-4.4395071411768905,1.0796494609780527
0.5345583434386076,1.9514307038379266
1.816415499751829,2.6955301831500704
-0.45726971101917774,2.3595783217019393
-1.5053862181426445,2.445088184582576
-2.2672768837670545,-0.8512587209094762
-0.1109818464995355,1.0173892256348716
-0.04288598183220768,0.05671524229596251
-0.623351018607618,-0.4946713883893824
-2.0532950626590947,1.3934390534214576
-2.680586242618109,-0.6865671886635774
-3.4371921950496334,-0.900401882372025
-2.752581533788899,-0.2891387501944689
4.986351389388064,-2.2861645424734363
-2.431191429604043,-1.7522287922964248
-4.110192865864453,-0.22726924342455104
-3.232493570937658,-0.27450937468345554
3.4422690720517335,-0.8302826855420685
-1.4378239222330842,1.7031367528656463
-2.114142546264793,-0.8315077313513061
-2.624934611058925,-1.7524198486040479
-2.86968343701207,-0.41807249899841253
-3.010780536106597,-1.504096401223464
1.375504206474938,1.7691544182984242
-3.7102652469632145,-1.4373057318247457
-2.3440464849561677,-0.973209437952905
2.063924081227376,1.3759391990209222
-0.6999189501645284,1.8932180268847234
-1.183920701580028,2.278265430231076
1.799621821290303,0.5750817611804475
-1.320037689908196,0.019292784869042054
-0.7024917649406308,1.796523299790623
0.6797672251685977,3.353337958972389
-3.0881901952075848,2.417733527833095
-0.6492600671030033,1.8078583769820613
1.9849873606724102,0.7122915644676832
0.8134667185447579,0.5426269344604977
-2.705969108369462,2.5373776286029988
2.2379950114283393,0.6958904431085067
2.7444007524828287,0.9011417372956463
-3.6098702030098924,-0.9885787455034954
4.002798434635463,-1.6004660768983456
-2.0672070795829884,1.3683549413951854
0.5585260128036346,0.5379484740258011
-1.4471333213288553,-1.2052438717933114
0.5426655585813372,-2.8545315993482583
-3.841421974713979,0.47029784999212704
-3.633158192787579,0.14525769509920738
-4.628267650625418,-0.7176028633601617
2.789209725372511,-2.494998205726746
2.134765093655448,2.3075807376539883
-2.3617560422646124,-1.6947012424245655
-1.8933844500875443,-1.505194484820269
-2.741006682727922,0.09965373283696342
-3.1281608486528856,-1.127864932921717
-3.0779859364712694,-1.3274684947298856
-3.184209026346067,0.0858837124833661
0.4548603490940194,-0.19064305726031108
-2.852972242378566,-1.4437774992613917
-2.6889892632555044,-1.9983547811760622
4.273649827542672,-1.2775610677024432
-3.442630579262107,-0.25543245380322244
-1.2421021604042357,2.4050915533206942
-3.3022841476764975,0.27163492120231053
-1.183920701580028,2.278265430231076
-2.5815704463919014,-2.5944051740652325
-0.4931804940394038,-3.5656000142925763
-1.914487238745795,0.2566992671253363
-3.1361316234247933,1.1816911975170334
-3.4690758152759145,-0.8847865048477808
-3.061776563015419,1.0823620990081446
4.13631204194305,0.02360623951276713
4.909844446479556,0.03840434450452994
1.1563854047568625,-2.83887662354967
3.2843489619275434,-1.2746003723349104
1.694312095905188,3.3331155405931208
2.9268492886570336,-1.8201153015204015
0.8170026051827123,-0.3089258991670648
-0.9852882477094932,0.10841302091798331
2.975469925229819,-2.4934167090919477
3.8749749296378617,-1.8896049426691044
-2.1918355339388174,-1.140642497002778
0.787199885795938,1.161497183841493
2.659611531837703,-2.1112294020364857
-1.7862583650984647,1.2089610730946625
-3.552278316269081,1.091649193775327
5.897464540615586,-1.626899747967776
1.1594205850653732,0.2626491305222384
1.232385823230439,1.3715679426237903
0.908231099228265,1.1006551938340554
-2.532920859745655,-0.921292516243399
-3.2199062481660943,-0.28845842945910305
-2.7812384155128793,-1.5640406885257623
1.0312978476546326,-0.37147681238461483
0.3542732504207421,2.742582233688402
4.3412173913375485,-1.3961421481274634
-3.5530069174044434,-2.4123363178076103
2.357813606262686,2.432872694358795
-3.545153117231843,0.031002078773280643
-2.0057947931390756,1.273773133734738
-2.4354674220083927,-1.8171463155749878
1.997524716110076,2.2477208102843385
2.191937165885907,0.9919795525402112
-1.7472434047109495,0.23044003428695722
3.5672347748619004,0.217739365014277
-1.0336082202266064,-2.1348160955890663
0.14121559881751755,-2.521762653834123
2.912280698624363,1.1884865320598739
1.4843929405361784,3.56083428308071
1.8254760056858632,1.5377221207227616
-3.1471034582510047,-1.443183985825351
-3.3307434723506457,-0.8991807244628153
1.7662556010676165,1.0281448319337656
2.2103327195165487,1.2205290690965076
3.0277553864758757,-2.1009143131756076
-1.1048531686883736,3.969034838458843
3.8184851711101766,2.771784933388795
-0.469728211845069,1.4318207212196532
0.20494259558111091,3.503675665512267
-1.6814175735460672,2.84801556179361
5.534095871884727,-0.043752155835925524
0.43815739504819184,2.2746982260240434
-2.3952905313291537,-1.04600854122308
3.3468235695502284,-1.0032294471547
-2.388707444239364,-1.3196505817414448
0.7455187031952796,2.883149148861225
2.4401217689856405,2.5735902933063266
4.252848619645008,0.5696241442265918
-1.2015154689814578,2.2855485602139534
-2.6889892632555044,-1.9983547811760622
-0.7323149490579629,2.904477392893775
-0.5872620941931629,5.084865156948155
2.838424406516726,1.209250232772475
2.475911158318659,-2.1618704183389132
-0.4582720022339126,3.117649968730854
1.4931501486493424,3.857129440120973
3.3968432177167953,-2.332674369424533
1.7725546624110664,1.7928303827382137
3.1440015563760673,-2.4711032378831317
-2.687754934637117,2.0901794620096577
2.7668366335734977,3.064949933743267
3.573194864730564,-1.9066290345223873
-1.5066274220757743,-1.2091511692643306
-0.4817413363863678,-0.5419423237911838
1.1893244277845765,3.5756586711089953
-1.9280449842022833,-1.6841033171480675
-1.9204329352399008,-0.5620761357043393
-2.659344777330298,0.43916584248777607
3.5916632232202077,-0.10977064439948099
3.471399490350157,-1.0484306525568874
-1.7094308042259525,-1.5440962363398196
-2.7583458572262907,-0.8808111555041898
-4.993432331760058,-1.7571086723766403
-0.1604971892361142,4.491126496154833
3.484694643670375,-2.788305726733716
-2.8266824215466038,1.2269772330603526
3.362833198726479,-1.8695383054778703
-2.532863956048952,-1.0478919962606046
2.390750562110124,3.0099805983851398
-1.4528087111657715,2.7089229130125387
2.0590894001430633,1.404243942676023
-2.687754934637117,2.0901794620096577
-2.5056514893811648,0.370982393228631
-1.896095344370042,2.5049709334923977
-3.276603146028698,-1.6012368085551232
2.8389105534054178,-2.2874079758295776
1.6953122220237113,1.5590342423737666
2.243353830026724,3.1358910361848675
-2.3963358951142526,-0.6799527859443784
1.6163598547476825,3.1975017626357176
3.094320657604763,-0.777020194757471
-4.062983739334001,-0.8115875897039719
1.400243575264239,2.7453035542386703
-1.9070403077947626,-0.3827710609262202
-1.5850048866417572,-2.2429010727563514
-0.9475800092427179,-0.5205760787325152
1.3211203296202079,1.9175884146745952
-3.758759717305298,-1.3980850170638435
-0.8464508756698226,-2.7739286772731973
2.421656923272613,-2.3238704693893917
1.8462326848542232,0.7501068912192421
2.758319324988422,-2.1626585134539535
2.6656725212376804,3.2729958258405487
-3.853281727013717,-0.14723020412616541
-1.9093757339978141,3.169023673808947
-3.146495614523541,-1.487043804844852
-3.5891126363381596,1.9516227673916866
2.3539549800077118,1.5550521141619134
-1.914487238745795,0.2566992671253363
-1.0386590764204993,2.8945393321397663
-3.4427800463854554,-1.0940115866094036
2.305666245860175,-1.2897336502685015
-2.331423886700629,-0.44232660667728446
0.4250395264496614,0.8047454471629963
2.4253948433770027,1.4632070044855372
2.4921265722667822,-0.2297946687279899
-0.3142740944198401,4.698040006103969
-0.7307429571049695,4.149978088372004
4.851041804029009,0.17013915516682326
-3.526726588532394,1.4752720879198522
4.420863814086158,-2.303200668988819
-2.768255347266585,-1.6815963450216103
-0.7323149490579629,2.904477392893775
-1.1649662311944424,1.7465144862206776
-1.8614394257472642,-0.5488266433650818
4.4386395788772575,-1.8635828506804861
-0.9158132116362232,-1.7995163143467587
0.846375287864588,0.952051320768041
-4.322781522520582,-0.399991901681433
3.0326757867565317,-1.9572813651832452
2.8390945833937367,-1.7927818046840758
-1.7955951417440412,-1.4988952936248503
3.677580779034891,-2.230836007020605
-2.980480337498883,-0.9117190421869875
-2.314222444360979,2.0627319019960466
1.030263436013004,-2.7558090700758426
-1.8720976950297246,1.5670984261926793
4.383840281554785,-0.6470763060603667
-1.578057088692681,0.5585275219338777
2.2409152160396504,-1.5672631174527158
-2.6495203226632986,-0.32463566434446395
-0.6261737037780387,1.1993126781816907
-1.3251756377929265,-2.310467018248026
-0.5202888126433871,2.6184562762823185
-3.950799221722909,1.425997923016825
-0.720053211687643,1.6508325221885423
2.67300113969859,0.23137798833859863
-1.942243752057052,-3.1199039820909014
0.36074675763962794,2.1260966659695244
5.233464979416428,-0.6362226666340941
3.761999717531035,-1.0025951888662765
-3.3335739266589135,-0.7965413070013693
-3.5325522007205388,0.041130658953240876
-2.9625361014158003,-0.06112146249840529
2.3488479507323605,1.0834568817052577
0.7242895866846331,3.2321930533411245
-0.1760146052584485,1.4865589465271156
1.4581818337073487,-1.3628688433120568
3.3183364463136784,-0.8709907846617918
-2.1885521078215278,-1.1143674081171893
3.475241694048662,-0.7230985289272157
-1.315589658298258,1.469000880961199
-3.8211107556180686,-0.06738447924016273
1.7134199032395654,0.6114894071387846
-3.3454715886128654,-1.7542840434422207
0.047179243978129594,-1.3466241527244758
0.009080071250709565,-1.1828601024455219
1.6591974826030549,4.0301724461483275
-1.0732942678664728,-0.6923059548613288
-2.9721465185853253,0.4783557906107628
2.939887719056488,-0.852868669037257
-1.2874049412882407,4.660828195357756
-1.6242303734048713,1.048249054724929
-0.6704989838108555,0.3734193423806567
0.30537495123383207,2.622266050240258
1.4048065557377536,-0.17239837590355755
-2.7001866605733174,0.0772172584843684
-2.01201743671312,-0.9390085313541772
3.1350607433138804,1.1581932213617443
-0.9041504216489954,0.10298272446569247
-1.9823729232025646,-0.33262889223769976
-3.4991924139760617,-1.3046152954789916
-0.220926760767325,0.8237651015716106
0.7952456697323321,3.7333596313603143
0.8465027494778113,1.6942057577483352
3.4127985064203914,-1.8267728101697598
-3.1524845379409907,-0.6810674128666468
-2.853480907444558,-1.5241272730610198
-3.185585390661355,-1.5325355617417544
1.0834614684286137,1.4172745954588206
-0.8633604205729912,4.633895993527664
-2.8168804146176107,-2.250590993138845
1.9982260207391611,-0.20104770552028675
-2.263399147796795,-3.3457998424872284
0.2829871525826864,0.4763921031961482
3.064006684686457,-1.7940496263310048
2.5934724800869886,0.17185497355756701
-1.970192814483872,-0.09665444293419957
-2.496483686065468,-1.3911974696388538
3.6571290538927466,-0.0522881185525302
-2.9620200805577666,2.0654993764531495
2.9552268577138805,-4.208921393953629
-3.1079487646365926,-0.8776198979584259
-2.2820311385067855,-1.41052509936082
-0.5485355021673999,1.2177616105634201
2.3806580930563763,-0.3237732492556617
0.45479354881358114,2.1775814666458384
3.873714541610895,-2.0573672726711285
-0.9643341368216969,3.416631596607624
-2.372930248618377,2.5851299903882246
2.2329827228213297,0.30950245364172
-2.86781163751303,0.5999232443643208
-1.283761759804256,-3.0978881060229204
-2.1286156347510676,-1.1253905835913312
1.545618659634421,0.9393553419874445
-2.8458097214152827,-0.9938227465288186
2.716216583546907,2.01269903006306
4.179387535683835,2.819609266511623
0.3674095841549724,-0.5543609972370627
3.441926383724936,-1.2732339039190597
4.239501274236003,0.4861086886370369
3.4455638108522204,-0.7309618033957945
3.4782186180338908,2.7003047483334126
-1.2791648994700753,-2.742736840462702
-1.606609103378432,1.5959703497978655
-3.12887734762675,-1.2727352616908831
0.02933019364084256,0.8915445161052559
-2.3032890033172206,-1.3752341749834485
3.9549848641361205,-1.0879199353604032
-2.675746980428288,0.7264793588498404
-3.6747974316833973,0.9797897887803065
-3.46290492752108,-3.6124432196582634
-0.16150053781784626,-0.07753273022852956
-3.0491899995475786,-1.5134713062006526
3.1898160424925703,-1.3057461100690884
1.6943730866236402,2.9281937075186626
1.967557335180455,2.5288605901649155
3.5966560625394024,-2.0619996183055918
0.9212980337580775,1.942835688901503
2.745673891986049,-0.1095559059009988
-3.4657550166618813,-1.1714291898131408
-3.0737506410900983,-1.1065609015769862
-2.000183620561578,-1.4725639228725942
1.909795866763735,-0.3657446027408718
-3.466875596836844,-0.33003008802211475
2.772409363513096,-2.954152296198788
-3.163113324822566,-0.2640799486406766
2.3804715371598877,2.2936884020091055
1.8976992053376913,2.868649634759768
-3.1807854271738365,0.8313354585883541
-2.933071284110981,-0.10911553227522154
0.761145360812849,1.8918614225500987
-2.781026429282788,1.2625456332614255
-1.7906842649420607,0.17045160165307058
3.1982173628930575,2.821696497714979
-0.35945732043035405,1.0367610216723804
1.608500167645212,0.226568782622611
0.14126078326377992,-1.7006917816405145
5.005055110448766,-2.0943683744419577
3.810249806475668,0.718864057921331
-2.032461208214067,-1.8345152288866842
4.335751905934609,-0.42226572701128223
-2.7295325704954942,-1.0374463311050899
-1.168713941670484,2.523079158049098
1.5146477199324049,0.908050312569382
-3.814425398318385,-0.22610030962917127
-2.313743652795853,1.9514101822120442
1.8489478992075112,2.181853331391972
-3.6562444189308816,-1.1475403777781195
5.129175793763416,-0.2976521509942066
4.382181510298273,-1.635400551045927
5.044352709435131,-1.6934466888104613
-1.2361407212545585,1.6883499249803036
-2.77429927653968,-0.6559127488375842
-1.8697766823265394,2.7784454525994406
-2.3454719227656002,-1.345760738490346
1.6163598547476825,3.1975017626357176
3.1725862025218734,1.5055950465482273
-2.9526874514383716,-0.1983594476959169
-1.8933844500875443,-1.505194484820269
-2.5014387963143445,-0.4055103299131551
4.158841672328237,-2.129497707973094
1.5940528790723987,-0.09330314583703299
2.488582407772649,2.1044496401844905
0.4584022986758344,1.663300504994019
4.147760160733886,-1.6808656655377217
-0.1141715957584198,1.2607691696057464
-2.6441558285573272,-1.3906287276884242
-0.6889317688570363,-0.3298395879855162
-0.5678177392854927,2.1447135831433966
-0.5986047145021819,-1.29988685667336
3.786368909099039,0.10992399022759568
1.4269203400641126,2.713971672699677
3.722128241722021,-0.9845341230288849
-2.259988585261,-1.6861251852414785
3.670581864098839,-0.7624747919122918
1.8330377055846423,1.4959165280796296
4.000535120963982,-0.7610863059177885
1.7310764744512832,2.1193992126790926
-0.8823827192549979,1.702228594687974
-2.7228106422263614,-1.8015871305506783
0.29527394620511466,2.469665146351761
-3.7545237749443037,0.9688962267115107
-3.6475267668633893,-0.22124649749147868
-2.867437883988685,0.42765349347957615
-1.5874877748670544,0.8770514348163458
-3.1157340444177337,-1.0845934208671724
1.3643970769579377,1.264849007710435
1.0936785837200282,0.9341679460479199
-3.0850937572561326,-0.4014134616631426
0.817736007071413,-1.081859379121959
2.8246535862688025,1.0782463386541972
-2.4914525401514775,-0.9105994004718603
2.1904384507895096,2.458604423332731
-2.8093421284861613,-2.5580955651166257
2.7606491861135076,-2.50531517858593
-1.777484088775853,-2.4490137413618145
-0.7639461069668595,-0.1512174648345515
-2.7970539215060697,1.1606720576205312
0.17115537226143265,-0.9447454312590332
3.1734329108195984,-1.4707986827745887
3.2877374224959546,-2.494905637310712
-2.6607396434137343,-2.0530443290785603
-1.8697766823265394,2.7784454525994406
-2.1166652791035228,1.2751021345872047
-0.3538245341270624,0.3601749156600548
-1.611668989924011,-0.7507263081975003
2.1965494871939737,-2.630354583138343
-2.8813375116373243,-0.5490859889881763
-2.378002365328972,0.04118129263021158
3.3781160851741716,1.0702456416010182
2.081478325212615,2.3205691367464416
-1.7182355482635925,2.824503631859087
-1.8598953480612956,2.5887507307114084
0.08878523415034449,2.0303486825621113
-1.8191493569638626,-1.5114643401708991
-0.6017612303990539,3.9176560023252716
2.812283216334268,-0.1561981378492633
-2.8139387211758793,0.42159682065403103
-2.868545515217523,-1.0789015753489979
4.682366053791696,-1.646480103380191
-1.7094308042259525,-1.5440962363398196
-1.735239220130908,1.7342286289427968
-2.996997014083179,-0.7891080357568477
0.8221878105783659,-1.2000070772395137
-2.295807351787074,-0.8199095603424508
0.809073880099222,0.7139450658545394
1.9982260207391611,-0.20104770552028675
2.852635570648186,0.2824017558869924
4.251820021102692,2.2920761187715013
-1.3726688381862815,0.5090627020707318
-1.6304903933927037,3.4114709949789863
-3.032583225530218,-0.09938032762636197
1.7725546624110664,1.7928303827382137
-0.07549151409558502,1.3994239056546076
-3.7810003043395106,0.6595444327107443
3.2173490114472147,-2.1813050507054292
3.593813159556766,-1.2009563810497943
-3.69860496325678,0.6002685193876898
0.47005272102983076,2.836991916553277
2.819805182986615,-2.497462678687555
2.0941353971601413,-1.0152858746001703
2.274956113623619,0.5607901493901687
-3.2551599020660333,-1.1128393729542154
1.8060246399873654,1.1558209521767036
3.2163284962424608,0.24095882271735852
0.01933564388901961,1.7723185142956521
-4.034288574114753,-1.1818229158288174
1.345542745283736,0.2651891524232429
-3.0910086947170017,0.19354527322031728
-2.61447567853655,0.4817285461816148
2.058824446383661,0.06577477615729464
2.5440281360392683,1.628850899895781
-2.7195602258733564,-1.2465345980854996
0.2557097673851058,0.2135062292961663
2.831868422613031,-1.6696419541645633
4.115824773387777,-1.6471973140174783
-2.233667403351206,1.1699399481381423
-2.4316762557437186,0.3376896866283777
-1.1888033189094913,0.9186036319022934
1.5760549630874712,2.969853593715928
-1.2628187474592028,0.3384143044083652
-2.040627486311259,0.3316362284689579
-2.718195867104519,0.5058307076624409
3.725291994062271,-2.1802080287369687
-0.3007077490303795,0.7501419450318456
0.732218587107679,1.4564484801357365
1.8811531364102771,4.085018732304941
-2.1911618532226527,1.1887925892532423
3.6071325900467266,-1.8218616622228199
-2.910399297206238,-1.1014129599916869
2.605824684857011,-1.681857530033809
-0.7496263665849814,2.4857462934726926
3.3872074516292305,-0.18076159186053403
-6.595776001089829,2.5203856292950455
-1.7497145293760732,-1.966415025356502
0.2547182512792344,1.288931730572068
-3.5162380440735213,-0.9581371364795178
4.465175727181844,0.23546616142205096
-3.5292075446762547,-1.248368326522066
3.310397026251402,-1.2110141380803032
2.5124897936866115,-1.2160905468907683
3.286337914335017,-0.37143016521377054
3.377812108827215,2.758661761424483
-2.576972083814025,0.7220427945191317
-1.5998139085416023,-1.7952022458251777
3.9205722006947115,-1.8535079937403791
0.5115882792352499,1.6988579559180008
1.6372300307552405,-0.2663798488293804
-2.897318320716579,-2.76579222994179
0.7826653388818016,-0.7838894737976329
1.7157376562309683,-0.984899612988933
3.6837119290394003,-0.325184055126127
-0.16642602249400937,4.523237191998698
-3.0539959334388542,0.19345085855700783
-2.944478157516668,-2.2895592725911507
-1.3470704111399971,3.1396617562828104
4.738304034824554,-1.513783698313539
-2.8356456165898853,-1.0056646882729496
2.6285589650025614,1.094131940967752
-3.171718313219681,-0.3381924802068669
1.0321343337155702,2.5629349515639253
-1.9227552371830843,-2.8986679570182865
-2.2902825140009933,-2.599214058429505
1.0218849308803728,2.378395776563975
3.7884025883963335,-2.125421908852213
2.8063386412260116,1.3389234735202065
2.6817260254121416,2.0863206539805277
3.0816171452830616,-0.08695580445584856
-2.7394363024090644,-1.1510322858627586
-1.5152254554476472,-0.1633292728072761
2.9828460371277417,-0.365021494214977
-1.6364233078655592,-3.758335178969666
0.2115371062917541,1.3902912266212495
-2.5677377504379466,-1.5366539452743446
3.575399710820185,-1.582692764326474
1.0806178518972371,2.634683807824752
0.23754417655797658,0.6976839155077067
3.494809143047079,-0.9620146678108273
4.755311035225459,-2.1525694393847177
-2.7583346830370923,-0.08494957884545486
1.083328970824333,3.2618014215200506
1.7364655779216254,-3.1624672898996504
-0.6204598791514174,-0.11356991341842901
-1.892409715687174,-1.2679166765794585
3.914257962193675,-2.0762956035415243
2.1473234177179172,0.5203748398873763
1.1916408511338266,-0.3718324864138409
-3.001143850638512,0.5373633089213128
-2.25193271572312,-2.6235957815672353
1.7063024576824823,-2.413072407561687
-2.8874442575062833,-0.1943921585197131
0.11445948416493729,-0.8070078016249984
2.4280904208423193,-2.077961428460696
2.039699510899365,1.5028310045790463
-2.1714313493868516,-1.1657718670727917
-1.7840114553610777,-2.1881147969624037
-2.140168212398465,-1.5665250925451883
4.198938166373133,-3.124387860198469
2.7648482438966413,1.4000661881889462
4.268601073669493,-0.8480707168973546
2.5328235755131594,2.2011777278680933
1.8647421069005374,3.9208410081590173
0.3595068865904558,2.594090286352905
-1.8103488836712878,-2.3541345887331704
-2.4630352025181095,-0.5262076991880738
-1.0483933283728686,-1.5208153416361747
-3.641799530915574,-0.4292193562678922
-2.065676611705371,-2.8941762015877126
1.8542851435746142,0.08330192440979564
5.0209835792841755,-0.5677162172484186
4.94917889753185,-0.05726385101942462
2.476135246329905,3.5247007712573484
-2.9031307263507142,-2.159957279538885
1.8215803269691146,1.8481155744603754
2.4879732411485573,-1.967096222454684
2.9491711904326903,0.612708667227525
0.3378237974624886,3.5050921672736592
-2.0276801936173645,-0.9517109497016911
0.7822455682815704,-0.3698140232041397
-3.0514423044718466,-0.37432803442244234
-2.9505446403535847,0.26895043994775353
2.4878204923357523,0.67403632557587
-3.7123725747852423,0.29581879167582814
0.34508785834943295,1.0597934745311324
1.2910158193125736,3.310289346524384
-3.214299130245916,-2.7659543325008755
-2.4301956822782564,-2.320370268852474
4.178368371418929,-1.6445433268451182
-2.6831501647185947,-0.7834048870051639
-2.7838531031037315,-1.0741940906801994
3.368536040615642,-2.120664737899168
-1.5611657927718174,0.03651895672728734
2.9178191165891723,-0.6854846027901241
2.538860963448343,-1.2115097050446757
2.6948883196244413,-1.4767429654202
-3.3064422093099752,1.4261117528736555
-1.7472434047109495,0.23044003428695722
0.011801748778636765,-1.5532665033415167
1.0769516919255997,-0.668141285091193
3.635512057179502,-1.9232760827746829
3.66154944356126,1.795290348097313
1.6481966055283823,-1.475865846429916
2.9883160548684793,-3.257992048306075
-2.964846096572821,-2.0770134635092745
-0.09996470146688316,2.083143012412136
4.631567456902506,-0.8725981690504193
-1.970192814483872,-0.09665444293419957
2.2648973481708357,1.7744022988420778
3.310984468003821,-0.3644613787777973
-3.0880099054131414,-0.8215106978456558
-2.5118897510157487,1.8933336226157726
-1.3849520530445425,-0.8365742699177442
4.211287365397121,-0.33671770848780214
1.7398102291445103,1.0983489480252453
3.229445368318109,0.45831972882019434
3.9254405578315006,-1.380470923155987
4.323832044248317,-2.2035780733602195
1.5938853059823404,0.5931394931328964
-2.0713509413233995,-2.638782708804884
-1.7182355482635925,2.824503631859087
0.04163093875069513,1.0284316800627828
-1.4485562624133548,0.028098105415614298
-0.15137694984546188,1.0715833939605914
1.1823482227742688,-0.10636270801135558
-3.1938657232150693,1.305910019181511
-2.1897207358469752,-1.200986383928519
-2.832280484820806,-1.0452808067254138
-2.2218363866598665,1.1922411667021315
-2.7970539215060697,1.1606720576205312
5.3151638147653255,-2.1803210026258406
-0.7479315457939394,-1.5484493126902876
-1.2381595209614977,3.38331570091141
-3.1834059368266425,-2.138147425555288
-1.973045873260487,2.456645449204226
0.813277678732261,-2.013571402209074
-2.5121435030168557,0.34920761281732354
0.8374614193547723,-1.1418110172456724
4.088732408672818,-1.056110781624222
-1.3554413345518574,0.12352326007270249
5.67007512679054,-0.40772715431287965
3.250158217848428,-0.09668760820996948
-4.247670629464079,0.3521329985029993
4.2007014105530205,-2.1884838750444837
2.736859614318613,-0.5340901305233815
0.6466130261409961,0.44836928991404457
-0.33985873024506835,2.235364488033926
0.3406871627264919,-1.4130413396363648
-2.8822699121618256,-1.6026193134370932
-3.251091986485586,-1.9666462296558802
-2.18994754488307,0.9861940690089693
-2.4364411636717933,-4.168131883531822
-3.0556754438628677,0.679675319243057
-2.9067465097883485,-0.4095474838527099
2.247370081663453,1.992903204453959
-0.09100653854856304,1.8575834642672564
0.4747778005501779,-1.6096614625441348
1.5544134818789392,1.319432229904222
3.1591587410275004,-0.9523959967066927
-2.003974625983349,0.8915369586649871
5.120668118680806,-0.7262873804804848
0.8872915783293407,3.145072306630108
3.940202588970845,-0.4027301633432537
-3.758759717305298,-1.3980850170638435
-1.5822121196132697,-1.2191726259151097
-3.941783471329435,1.1056049189513606
-4.011458125131547,-0.5410370874290331
-4.653124017061099,0.10829600884511191
-2.7275434900015205,-0.5705347913853243
-1.959070821496683,-1.2584025607264737
-1.703966329739509,1.9671577306428554
2.134832999044919,0.8154985123266019
3.2292448480132285,1.609421564110383
-2.5092191608245447,-1.374513969460866
-3.796662074189198,-1.288010593053908
-1.797050481122817,-2.905953885031387
1.741971635290431,3.5372204998759917
-3.194814300419455,1.2743049416616956
2.491882967532635,2.3575244477599995
1.7895942000698337,1.3833016691377589
-3.2361078456904213,0.2611781369856611
2.0410834916077896,3.138825326984179
-0.06381625397804214,0.34563935630012393
0.7236553344492691,-0.9985616050437431
1.883057950452637,3.7971599684588617
1.3655043065980128,0.6624210830804402
-2.1339104143768917,-1.003912607509595
3.702987707354742,0.9942742886788947
1.9201835508862983,-1.0750083828505894
0.22149070654233308,4.623858246764861
-2.8448691292222086,-1.0170789598891274
-2.0588436345566077,-1.8451958688104337
-0.8610196301674007,2.486920137978089
-1.1964028191328668,0.2695167719589991
-0.6555192520109091,-1.6505516523144577
4.384572755177926,-0.12647483358848904
1.5560706638751223,0.40588851535140696
3.869787616557505,-1.4407587593564204
-2.896662410854733,-1.1307165497109761
-0.4369935492562116,2.965016252595761
1.5630960051438836,-0.49919979491903477
-3.032797046744793,0.5441745335511882
-2.636139648622649,-1.6884800844955523
-1.3506425607709478,-0.9861081876980958
2.684202696282256,1.3992265291612065
2.3539549800077118,1.5550521141619134
2.1893900085847253,2.523952838313031
0.0773313998053795,1.7980940685927282
-1.930633896442832,0.1867982628783785
-2.225114637097086,-0.5259730781583394
2.9268492886570336,-1.8201153015204015
-3.032695304239708,-0.34385600927484894
2.6656725212376804,3.2729958258405487
1.564501568792757,-0.1917424578980001
-0.5801243857920914,-2.343244576339969
2.170217523181364,1.360141566349354
-2.04433720145603,-1.0842913148723652
-2.646349313630347,-1.612759220686515
0.746693156882839,1.1106207784039777
2.0142486651711264,-0.28050493382062525
-2.7195602258733564,-1.2465345980854996
1.6207411507766616,-0.11525511520101284
3.1475804668841842,0.173552888760599
1.2933377405929962,-0.08270637454099479
-2.6592244301213013,-1.7812903819208346
-1.064895379559891,-2.4349345805836933
-3.035273757270201,1.615254084817272
-0.7743221640596395,0.18525234737348498
-1.9611563366873037,0.5791481787584837
-0.28108343674624336,1.287299599585935
-0.2783210610064095,2.2541531875257608
4.252848619645008,0.5696241442265918
4.0136172809924755,-1.2510062195080272
1.9563792504103943,2.3823168750611887
2.942252128787157,-1.5959129508306558
3.6551248425459235,-0.43815949024435286
-2.1448575112255064,-2.003362681751186
-3.0227452714287972,-2.8974777592738468
-1.2836952570320486,2.764934211239584
-2.550201297792111,-2.3032011865980353
0.6380807578581943,-1.7345450335621444
3.8060980126598802,-1.758181655992344
1.741971635290431,3.5372204998759917
-2.7706551093927545,-0.9571410366085007
3.214295261440468,-2.2196916606467614
-1.6764120593143057,2.0073334657198987
3.216102719494518,1.1432174104596788
1.8567910571810036,-0.38160758310116305
-2.7524121339339813,-1.804639174865759
2.6505498233897375,0.6945280232827422
-3.5116913577548416,-0.00344271893821564
2.85394947505199,0.40094976218685
-1.6274692340960506,-1.8842621099668722
-2.9284186821474445,-0.2814885808487305
-0.7479315457939394,-1.5484493126902876
1.4925637449106766,1.0415849337557592
-0.8433404221762035,1.1590421640503923
4.407774355219088,-0.6237967221629551
-0.21372055486644406,3.559469529053255
3.1116611881565195,0.4717554562133684
-3.631720105136916,-1.106605675085246
-1.219076803851866,-1.591631315541381
-0.3852954712720646,2.209274462496908
2.5876800903533503,0.6321907125628544
-2.8376471845107787,-0.6100269462766917
3.0524330643715025,0.2715463397170955
3.7779202515603503,-1.4356993842743313
-3.061283535551821,-1.5977774272059446
-1.9117508751765082,0.21773356078864195
-4.045723989022291,-0.8677616526956794
-2.1535082611936858,0.8994683690356439
1.165828745317837,1.784360587735359
-2.576330469731422,-0.8563922722606978
5.016002541812746,-1.0913045054468815
0.9229961617438579,0.807411838380248
4.00216595056105,-1.4264604391544782
2.5094351998594857,1.8491080217553766
-4.7109795754800485,-0.2708644966436887
-2.6972552647281978,-1.3786490657907753
3.9091734308127046,-0.8404035333770944
-1.1919635642803192,-5.988973620343415
-2.884720228171752,0.7280298499525175
2.156862797601641,-1.2379405488123167
0.3514649909490271,0.5005637335602026
-1.5599753416282163,1.4616627633026498
-2.8950584160151616,-1.8601885854810687
-0.03806631678600363,-2.1921948680917995
-2.805025741585461,2.4846979380435927
-3.2694650880399108,-1.5666139495116156
-3.3293855493161573,-0.24977161068524298
-2.985009319614482,1.180005595689712
-1.4365539190605032,-2.2027421205589186
1.6824662856700476,2.6361209027102825
3.409351488454847,0.1683533551429321
-2.8963610155839943,-0.938328099997448
-3.523845366161903,1.3688838058577464
-0.9930023126605079,1.3410539021666974
-1.7710192514651364,-1.5383154381102864
-3.0539393382399593,0.19091785392209112
2.835834413727433,-0.10779540793541265
-2.929316571864039,0.5895872434389554
-1.5599753416282163,1.4616627633026498
-2.853480907444558,-1.5241272730610198
-2.5041152360826473,-1.2091569648470004
-2.5408185940424115,1.2400758090759787
-2.495091254699656,-2.797297396874466
1.907945442422746,1.0862496783161788
0.09058362373799905,-1.0939791318831469
2.583906010868119,2.58387435173672
0.12657615206776507,-0.3071033306422158
-0.4151071601894449,1.757314670097749
4.328649906783646,-0.36179975805668696
-3.648567872300187,-1.1595339720151798
-2.224605348370043,-0.1252871650105528
2.274956113623619,0.5607901493901687
3.482446925375203,-2.3803048004958423
3.9069444207640576,-2.2446091725775763
-2.8549341685655767,-1.6699700649202476
1.4127977054527057,0.6574437281146792
4.067861142389398,1.417081632684605
1.856234811579969,0.36178117351342887
1.6157674087755065,0.6809762542951004
2.11056267414848,1.4105672289524096
4.4813417088210175,-1.0124815188160037
3.5703301901534896,-1.1842617692555542
-0.5202888126433871,2.6184562762823185
0.48748984004945684,1.3132918744956907
-0.6634707330821953,-0.39535882580969245
-3.0103418008579563,0.3149926310713755
0.49761160084656286,2.5246903328144015
-0.4931804940394038,-3.5656000142925763
-2.46724401757259,-0.4823426737895198
-2.069810324877174,-2.405798788185094
2.7008037216966754,2.2066201843449607
2.9288677940555865,0.09676605019524935
4.286570338517796,-1.0292598664558847
2.156862797601641,-1.2379405488123167
-2.4598685849757693,-2.1319752247139183
4.408620866444896,-0.48276289864469735
-2.8054804492609335,-0.4428953403340455
-2.5758721677893814,-2.4013741344465234
4.742933995458926,0.043693223596293004
2.905927154172756,2.3022167078338205
-4.189404897220763,1.8405005858031636
-0.906070031782247,-1.7873403705563407
0.9320576775745696,0.6493082601333725
-0.7219005722582488,2.752397854122842
-3.727409902294255,1.1499254046455936
-2.416657636711593,-0.3021689885079227
1.4132145356650072,2.3397937784382727
-0.5202888126433871,2.6184562762823185
2.4067115311359073,0.1356622600173739
-1.8103488836712878,-2.3541345887331704
-2.6578000393543326,2.673382679792567
0.9527890292411216,2.731815323008383
-3.1518980408347885,0.9264716929037782
-2.768974449500987,-1.3565134628214182
-2.924456213786159,-0.6693613200657457
-0.26875801732164456,3.1252606843044566
3.3260795533357523,-1.4505580680815362
-3.2873379316679117,0.06295120169253492
3.4036671887034897,-1.374738988691544
-3.113188406993124,-1.0559185433015676
-3.5478753649874526,-0.6114814252813927
-2.933713959804941,-0.18081037574036202
3.484694643670375,-2.788305726733716
-3.4991924139760617,-1.3046152954789916
-0.5978631722558402,1.8152164022332427
0.5308029056632015,-0.22130949533566557
4.240074062675941,-1.9765072924447495
-2.9829300319377934,0.5910952204398975
-3.85498941301163,0.31678028969051164
1.6418125004756616,0.7572144434740514
-0.41696230244299975,3.7130727353892428
-0.5559136915605061,4.565997951963481
0.14836766820412375,1.2516857123455076
1.1646327506520018,-4.661682831415963
-3.3641063843533843,-0.10688112533223684
-2.650400972142975,0.8521335989218406
2.755973883529668,2.1290621535787078
-2.50353242820571,-3.216045351455975
-1.200844198957608,0.3505245227092048
-2.945270494548851,-1.4338079017071874
1.6049673093333268,1.3482727082568016
-1.1048531686883736,3.969034838458843
2.8450848477285384,-1.3004633241982275
2.304483423442718,0.2772342885151664
-1.9233776965818832,1.6291379357793558
